timestamp,decibels
2025-11-10T07:21:15.000Z,-72.86
2025-11-10T07:21:30.000Z,-45.77
2025-11-10T07:21:45.000Z,-52.09
2025-11-10T07:22:00.000Z,-52.53
2025-11-10T07:22:15.000Z,-53.63
2025-11-10T07:22:30.000Z,-52.28
2025-11-10T07:22:45.000Z,-52.78
2025-11-10T07:23:00.000Z,-52.04
2025-11-10T07:23:15.000Z,-51.94
2025-11-10T07:23:30.000Z,-48.84
2025-11-10T07:23:45.000Z,-47.46
2025-11-10T07:24:00.000Z,-52.48
2025-11-10T07:24:15.000Z,-52.41
2025-11-10T07:24:30.000Z,-50.49
2025-11-10T07:24:45.000Z,-53.2
2025-11-10T07:25:00.000Z,-53.49
2025-11-10T07:25:15.000Z,-53.35
2025-11-10T07:25:30.000Z,-53.8
2025-11-10T07:25:45.000Z,-53.84
2025-11-10T07:26:00.000Z,-53.9
2025-11-10T07:26:15.000Z,-42.8
2025-11-10T07:26:30.000Z,-43.85
2025-11-10T07:26:45.000Z,-45.39
2025-11-10T07:27:00.000Z,-52.45
2025-11-10T07:27:15.000Z,-54.63
2025-11-10T07:27:30.000Z,-52.2
2025-11-10T07:27:45.000Z,-52.11
2025-11-10T07:28:00.000Z,-53.56
2025-11-10T07:28:15.000Z,-53.49
2025-11-10T07:28:30.000Z,-47.34
2025-11-10T07:28:45.000Z,-45.75
2025-11-10T07:29:00.000Z,-48.84
2025-11-10T07:29:15.000Z,-50.55
2025-11-10T07:29:30.000Z,-53.86
2025-11-10T07:29:45.000Z,-55.72
2025-11-10T07:30:00.000Z,-53.19
2025-11-10T07:30:15.000Z,-51.46
2025-11-10T07:30:30.000Z,-53.52
2025-11-10T07:30:45.000Z,-52.25
2025-11-10T07:31:00.000Z,-52.94
2025-11-10T07:31:15.000Z,-51.56
2025-11-10T07:31:30.000Z,-52.54
2025-11-10T07:31:45.000Z,-53.33
2025-11-10T07:32:00.000Z,-50.01
2025-11-10T07:32:15.000Z,-52.11
2025-11-10T07:32:30.000Z,-51.63
2025-11-10T07:32:45.000Z,-53.29
2025-11-10T07:33:00.000Z,-53.38
2025-11-10T07:33:15.000Z,-53.92
2025-11-10T07:33:30.000Z,-52.6
2025-11-10T07:33:45.000Z,-47.62
2025-11-10T07:34:00.000Z,-49.12
2025-11-10T07:34:15.000Z,-51.11
2025-11-10T07:34:30.000Z,-52.14
2025-11-10T07:34:45.000Z,-48.83
2025-11-10T07:35:00.000Z,-49.57
2025-11-10T07:35:15.000Z,-48.14
2025-11-10T07:35:30.000Z,-49.23
2025-11-10T07:35:45.000Z,-52.07
2025-11-10T07:36:00.000Z,-51.74
2025-11-10T07:36:15.000Z,-50.62
2025-11-10T07:36:30.000Z,-51.09
2025-11-10T07:36:45.000Z,-51.85
2025-11-10T07:37:00.000Z,-50.22
2025-11-10T07:37:15.000Z,-50.81
2025-11-10T07:37:30.000Z,-50.97
2025-11-10T07:37:45.000Z,-51.93
2025-11-10T07:38:00.000Z,-51.29
2025-11-10T07:38:15.000Z,-54.16
2025-11-10T07:38:30.000Z,-54.0
2025-11-10T07:38:45.000Z,-52.69
2025-11-10T07:39:00.000Z,-49.29
2025-11-10T07:39:15.000Z,-53.04
2025-11-10T07:39:30.000Z,-54.5
2025-11-10T07:39:45.000Z,-50.59
2025-11-10T07:40:00.000Z,-53.22
2025-11-10T07:40:15.000Z,-52.26
2025-11-10T07:40:30.000Z,-52.78
2025-11-10T07:40:45.000Z,-54.31
2025-11-10T07:41:00.000Z,-52.59
2025-11-10T07:41:15.000Z,-52.3
2025-11-10T07:41:30.000Z,-52.34
2025-11-10T07:41:45.000Z,-52.59
2025-11-10T07:42:00.000Z,-52.04
2025-11-10T07:42:15.000Z,-51.8
2025-11-10T07:42:30.000Z,-53.04
2025-11-10T07:42:45.000Z,-53.69
2025-11-10T07:43:00.000Z,-51.06
2025-11-10T07:43:15.000Z,-51.21
2025-11-10T07:43:30.000Z,-53.13
2025-11-10T07:43:45.000Z,-52.06
2025-11-10T07:44:00.000Z,-53.61
2025-11-10T07:44:15.000Z,-54.19
2025-11-10T07:44:30.000Z,-51.49
2025-11-10T07:44:45.000Z,-52.8
2025-11-10T07:45:00.000Z,-53.62
2025-11-10T07:45:15.000Z,-54.71
2025-11-10T07:45:30.000Z,-54.02
2025-11-10T07:45:45.000Z,-52.11
2025-11-10T07:46:00.000Z,-51.68
2025-11-10T07:46:15.000Z,-52.02
2025-11-10T07:46:30.000Z,-52.55
2025-11-10T07:46:45.000Z,-53.22
2025-11-10T07:47:00.000Z,-51.26
2025-11-10T07:47:15.000Z,-51.31
2025-11-10T07:47:30.000Z,-51.11
2025-11-10T07:47:45.000Z,-53.46
2025-11-10T07:48:00.000Z,-54.39
2025-11-10T07:48:15.000Z,-53.22
2025-11-10T07:48:30.000Z,-51.53
2025-11-10T07:48:45.000Z,-53.48
2025-11-10T07:49:00.000Z,-53.9
2025-11-10T07:49:15.000Z,-52.5
2025-11-10T07:49:30.000Z,-48.37
2025-11-10T07:49:45.000Z,-46.87
2025-11-10T07:50:00.000Z,-49.66
2025-11-10T07:50:15.000Z,-50.21
2025-11-10T07:50:30.000Z,-51.22
2025-11-10T07:50:45.000Z,-52.4
2025-11-10T07:51:00.000Z,-50.81
2025-11-10T07:51:15.000Z,-52.3
2025-11-10T07:51:30.000Z,-51.26
2025-11-10T07:51:45.000Z,-49.34
2025-11-10T07:52:00.000Z,-53.23
2025-11-10T07:52:15.000Z,-52.72
2025-11-10T07:52:30.000Z,-52.23
2025-11-10T07:52:45.000Z,-53.94
2025-11-10T07:53:00.000Z,-50.28
2025-11-10T07:53:15.000Z,-54.29
2025-11-10T07:53:30.000Z,-52.06
2025-11-10T07:53:45.000Z,-52.32
2025-11-10T07:54:00.000Z,-54.15
2025-11-10T07:54:15.000Z,-53.95
2025-11-10T07:54:30.000Z,-54.38
2025-11-10T07:54:45.000Z,-54.39
2025-11-10T07:55:00.000Z,-50.79
2025-11-10T07:55:15.000Z,-49.67
2025-11-10T07:55:30.000Z,-49.91
2025-11-10T07:55:45.000Z,-52.93
2025-11-10T07:56:00.000Z,-52.47
2025-11-10T07:56:15.000Z,-42.76
2025-11-10T07:56:30.000Z,-44.54
2025-11-10T07:56:45.000Z,-46.11
2025-11-10T07:57:00.000Z,-40.76
2025-11-10T07:57:15.000Z,-48.88
2025-11-10T07:57:30.000Z,-41.85
2025-11-10T07:57:45.000Z,-27.81
2025-11-10T07:58:00.000Z,-32.29
2025-11-10T07:58:15.000Z,-32.28
2025-11-10T07:58:30.000Z,-30.5
2025-11-10T07:58:45.000Z,-29.79
2025-11-10T07:59:00.000Z,-32.06
2025-11-10T07:59:15.000Z,-33.11
2025-11-10T07:59:30.000Z,-28.46
2025-11-10T07:59:45.000Z,-25.31
2025-11-10T08:00:00.000Z,-24.47
2025-11-10T08:00:15.000Z,-23.62
2025-11-10T08:00:30.000Z,-25.2
2025-11-10T08:00:45.000Z,-24.75
2025-11-10T08:01:00.000Z,-25.52
2025-11-10T08:01:15.000Z,-22.57
2025-11-10T08:01:30.000Z,-20.45
2025-11-10T08:01:45.000Z,-20.99
2025-11-10T08:02:00.000Z,-21.14
2025-11-10T08:02:15.000Z,-20.15
2025-11-10T08:02:30.000Z,-21.08
2025-11-10T08:02:45.000Z,-21.17
2025-11-10T08:03:00.000Z,-20.63
2025-11-10T08:03:15.000Z,-28.35
2025-11-10T08:03:30.000Z,-29.93
2025-11-10T08:03:45.000Z,-28.5
2025-11-10T08:04:00.000Z,-29.64
2025-11-10T08:04:15.000Z,-30.38
2025-11-10T08:04:30.000Z,-28.96
2025-11-10T08:04:45.000Z,-29.79
2025-11-10T08:05:00.000Z,-29.59
2025-11-10T08:05:15.000Z,-29.78
2025-11-10T08:05:30.000Z,-29.78
2025-11-10T08:05:45.000Z,-30.48
2025-11-10T08:06:00.000Z,-31.12
2025-11-10T08:06:15.000Z,-33.59
2025-11-10T08:06:30.000Z,-32.14
2025-11-10T08:06:45.000Z,-33.06
2025-11-10T08:07:00.000Z,-30.93
2025-11-10T08:07:15.000Z,-31.34
2025-11-10T08:07:30.000Z,-30.22
2025-11-10T08:07:45.000Z,-31.6
2025-11-10T08:08:00.000Z,-30.51
2025-11-10T08:08:15.000Z,-31.69
2025-11-10T08:08:30.000Z,-49.25
2025-11-10T08:08:45.000Z,-49.36
2025-11-10T08:09:00.000Z,-43.06
2025-11-10T08:09:15.000Z,-50.81
2025-11-10T08:09:30.000Z,-52.7
2025-11-10T08:09:45.000Z,-49.3
2025-11-10T08:10:00.000Z,-47.6
2025-11-10T08:10:15.000Z,-49.57
2025-11-10T08:10:30.000Z,-51.82
2025-11-10T08:10:45.000Z,-53.28
2025-11-10T08:11:00.000Z,-53.89
2025-11-10T08:11:15.000Z,-54.16
2025-11-10T08:11:30.000Z,-55.66
2025-11-10T08:11:45.000Z,-55.84
2025-11-10T08:12:00.000Z,-48.76
2025-11-10T08:12:15.000Z,-40.93
2025-11-10T08:12:30.000Z,-39.32
2025-11-10T08:12:45.000Z,-38.62
2025-11-10T08:13:00.000Z,-43.04
2025-11-10T08:13:15.000Z,-43.93
2025-11-10T08:13:30.000Z,-33.87
2025-11-10T08:13:45.000Z,-38.75
2025-11-10T08:14:00.000Z,-41.65
2025-11-10T08:14:15.000Z,-48.83
2025-11-10T08:14:30.000Z,-49.7
2025-11-10T08:14:45.000Z,-50.94
2025-11-10T08:15:00.000Z,-42.21
2025-11-10T08:15:15.000Z,-43.63
2025-11-10T08:15:30.000Z,-36.35
2025-11-10T08:15:45.000Z,-42.86
2025-11-10T08:16:00.000Z,-28.89
2025-11-10T08:16:15.000Z,-29.28
2025-11-10T08:16:30.000Z,-23.85
2025-11-10T08:16:45.000Z,-26.41
2025-11-10T08:17:00.000Z,-23.86
2025-11-10T08:17:15.000Z,-41.4
2025-11-10T08:17:30.000Z,-48.93
2025-11-10T08:17:45.000Z,-48.23
2025-11-10T08:18:00.000Z,-50.47
2025-11-10T08:18:15.000Z,-46.69
2025-11-10T08:18:30.000Z,-46.08
2025-11-10T08:18:45.000Z,-43.96
2025-11-10T08:19:00.000Z,-50.15
2025-11-10T08:19:15.000Z,-50.33
2025-11-10T08:19:30.000Z,-50.75
2025-11-10T08:19:45.000Z,-48.85
2025-11-10T08:20:00.000Z,-46.74
2025-11-10T08:20:15.000Z,-42.54
2025-11-10T08:20:30.000Z,-45.67
2025-11-10T08:20:45.000Z,-42.36
2025-11-10T08:21:00.000Z,-46.38
2025-11-10T08:21:15.000Z,-49.94
2025-11-10T08:21:30.000Z,-45.79
2025-11-10T08:21:45.000Z,-49.18
2025-11-10T08:22:00.000Z,-50.54
2025-11-10T08:22:15.000Z,-50.5
2025-11-10T08:22:30.000Z,-46.54
2025-11-10T08:22:45.000Z,-42.31
2025-11-10T08:23:00.000Z,-43.74
2025-11-10T08:23:15.000Z,-49.19
2025-11-10T08:23:30.000Z,-46.88
2025-11-10T08:23:45.000Z,-49.01
2025-11-10T08:24:00.000Z,-46.21
2025-11-10T08:24:15.000Z,-37.58
2025-11-10T08:24:30.000Z,-22.5
2025-11-10T08:24:45.000Z,-28.74
2025-11-10T08:25:00.000Z,-21.4
2025-11-10T08:25:15.000Z,-24.54
2025-11-10T08:25:30.000Z,-37.25
2025-11-10T08:25:45.000Z,-24.26
2025-11-10T08:26:00.000Z,-32.68
2025-11-10T08:26:15.000Z,-35.43
2025-11-10T08:26:30.000Z,-22.42
2025-11-10T08:26:45.000Z,-31.38
2025-11-10T08:27:00.000Z,-27.71
2025-11-10T08:27:15.000Z,-16.09
2025-11-10T08:27:30.000Z,-14.15
2025-11-10T08:27:45.000Z,-14.0
2025-11-10T08:28:00.000Z,-12.38
2025-11-10T08:28:15.000Z,-13.22
2025-11-10T08:28:30.000Z,-12.34
2025-11-10T08:28:45.000Z,-12.79
2025-11-10T08:29:00.000Z,-14.74
2025-11-10T08:29:15.000Z,-19.98
2025-11-10T08:29:30.000Z,-19.72
2025-11-10T08:29:45.000Z,-20.92
2025-11-10T08:30:00.000Z,-25.52
2025-11-10T08:30:15.000Z,-39.88
2025-11-10T08:30:30.000Z,-39.94
2025-11-10T08:30:45.000Z,-36.12
2025-11-10T08:31:00.000Z,-36.7
2025-11-10T08:31:15.000Z,-40.16
2025-11-10T08:31:30.000Z,-30.69
2025-11-10T08:31:45.000Z,-15.04
2025-11-10T08:32:00.000Z,-14.04
2025-11-10T08:32:15.000Z,-20.61
2025-11-10T08:32:30.000Z,-19.8
2025-11-10T08:32:45.000Z,-13.62
2025-11-10T08:33:00.000Z,-13.63
2025-11-10T08:33:15.000Z,-11.55
2025-11-10T08:33:30.000Z,-9.89
2025-11-10T08:33:45.000Z,-12.14
2025-11-10T08:34:00.000Z,-12.36
2025-11-10T08:34:15.000Z,-13.34
2025-11-10T08:34:30.000Z,-19.63
2025-11-10T08:34:45.000Z,-18.2
2025-11-10T08:35:00.000Z,-20.83
2025-11-10T08:35:15.000Z,-19.62
2025-11-10T08:35:30.000Z,-16.37
2025-11-10T08:35:45.000Z,-16.85
2025-11-10T08:36:00.000Z,-20.9
2025-11-10T08:36:15.000Z,-20.44
2025-11-10T08:36:30.000Z,-16.68
2025-11-10T08:36:45.000Z,-20.19
2025-11-10T08:37:00.000Z,-19.4
2025-11-10T08:37:15.000Z,-18.2
2025-11-10T08:37:30.000Z,-20.42
2025-11-10T08:37:45.000Z,-19.6
2025-11-10T08:38:00.000Z,-20.11
2025-11-10T08:38:15.000Z,-20.84
2025-11-10T08:38:30.000Z,-18.73
2025-11-10T08:38:45.000Z,-18.1
2025-11-10T08:39:00.000Z,-15.45
2025-11-10T08:39:15.000Z,-21.17
2025-11-10T08:39:30.000Z,-22.71
2025-11-10T08:39:45.000Z,-23.41
2025-11-10T08:40:00.000Z,-25.85
2025-11-10T08:40:15.000Z,-20.14
2025-11-10T08:40:30.000Z,-21.0
2025-11-10T08:40:45.000Z,-24.82
2025-11-10T08:41:00.000Z,-27.73
2025-11-10T08:41:15.000Z,-22.48
2025-11-10T08:41:30.000Z,-20.64
2025-11-10T08:41:45.000Z,-23.36
2025-11-10T08:42:00.000Z,-21.97
2025-11-10T08:42:15.000Z,-21.23
2025-11-10T08:42:30.000Z,-21.85
2025-11-10T08:42:45.000Z,-21.4
2025-11-10T08:43:00.000Z,-27.52
2025-11-10T08:43:15.000Z,-25.7
2025-11-10T08:43:30.000Z,-28.12
2025-11-10T08:43:45.000Z,-23.72
2025-11-10T08:44:00.000Z,-26.05
2025-11-10T08:44:15.000Z,-25.39
2025-11-10T08:44:30.000Z,-23.18
2025-11-10T08:44:45.000Z,-20.86
2025-11-10T08:45:00.000Z,-19.71
2025-11-10T08:45:15.000Z,-14.35
2025-11-10T08:45:30.000Z,-14.29
2025-11-10T08:45:45.000Z,-12.93
2025-11-10T08:46:00.000Z,-16.6
2025-11-10T08:46:15.000Z,-22.13
2025-11-10T08:46:30.000Z,-23.61
2025-11-10T08:46:45.000Z,-24.8
2025-11-10T08:47:00.000Z,-26.29
2025-11-10T08:47:15.000Z,-25.73
2025-11-10T08:47:30.000Z,-23.27
2025-11-10T08:47:45.000Z,-14.59
2025-11-10T08:48:00.000Z,-11.31
2025-11-10T08:48:15.000Z,-12.87
2025-11-10T08:48:30.000Z,-13.0
2025-11-10T08:48:45.000Z,-12.3
2025-11-10T08:49:00.000Z,-13.79
2025-11-10T08:49:15.000Z,-12.06
2025-11-10T08:49:30.000Z,-11.74
2025-11-10T08:49:45.000Z,-13.04
2025-11-10T08:50:00.000Z,-12.47
2025-11-10T08:50:15.000Z,-12.05
2025-11-10T08:50:30.000Z,-13.7
2025-11-10T08:50:45.000Z,-12.52
2025-11-10T08:51:00.000Z,-23.59
2025-11-10T08:51:15.000Z,-14.9
2025-11-10T08:51:30.000Z,-11.66
2025-11-10T08:51:45.000Z,-10.83
2025-11-10T08:52:00.000Z,-13.44
2025-11-10T08:52:15.000Z,-12.03
2025-11-10T08:52:30.000Z,-10.27
2025-11-10T08:52:45.000Z,-9.86
2025-11-10T08:53:00.000Z,-12.64
2025-11-10T08:53:15.000Z,-24.33
2025-11-10T08:53:30.000Z,-28.72
2025-11-10T08:53:45.000Z,-28.5
2025-11-10T08:54:00.000Z,-27.41
2025-11-10T08:54:15.000Z,-14.72
2025-11-10T08:54:30.000Z,-14.84
2025-11-10T08:54:45.000Z,-12.97
2025-11-10T08:55:00.000Z,-12.93
2025-11-10T08:55:15.000Z,-12.98
2025-11-10T08:55:30.000Z,-14.15
2025-11-10T08:55:45.000Z,-15.31
2025-11-10T08:56:00.000Z,-14.27
2025-11-10T08:56:15.000Z,-13.97
2025-11-10T08:56:30.000Z,-14.57
2025-11-10T08:56:45.000Z,-15.86
2025-11-10T08:57:00.000Z,-16.58
2025-11-10T08:57:15.000Z,-20.2
2025-11-10T08:57:30.000Z,-28.83
2025-11-10T08:57:45.000Z,-27.2
2025-11-10T08:58:00.000Z,-27.23
2025-11-10T08:58:15.000Z,-27.89
2025-11-10T08:58:30.000Z,-27.82
2025-11-10T08:58:45.000Z,-27.79
2025-11-10T08:59:00.000Z,-29.38
2025-11-10T08:59:15.000Z,-28.78
2025-11-10T08:59:30.000Z,-27.86
2025-11-10T08:59:45.000Z,-26.19
2025-11-10T09:00:00.000Z,-28.18
2025-11-10T09:00:15.000Z,-26.7
2025-11-10T09:00:30.000Z,-21.7
2025-11-10T09:00:45.000Z,-20.91
2025-11-10T09:01:00.000Z,-22.95
2025-11-10T09:01:15.000Z,-22.11
2025-11-10T09:01:30.000Z,-14.51
2025-11-10T09:01:45.000Z,-17.27
2025-11-10T09:02:00.000Z,-15.98
2025-11-10T09:02:15.000Z,-17.84
2025-11-10T09:02:30.000Z,-24.44
2025-11-10T09:02:45.000Z,-27.23
2025-11-10T09:03:00.000Z,-23.92
2025-11-10T09:03:15.000Z,-23.67
2025-11-10T09:03:30.000Z,-24.78
2025-11-10T09:03:45.000Z,-20.91
2025-11-10T09:04:00.000Z,-22.49
2025-11-10T09:04:15.000Z,-14.54
2025-11-10T09:04:30.000Z,-17.74
2025-11-10T09:04:45.000Z,-24.3
2025-11-10T09:05:00.000Z,-22.47
2025-11-10T09:05:15.000Z,-22.38
2025-11-10T09:05:30.000Z,-29.99
2025-11-10T09:05:45.000Z,-28.33
2025-11-10T09:06:00.000Z,-16.52
2025-11-10T09:06:15.000Z,-12.62
2025-11-10T09:06:30.000Z,-11.09
2025-11-10T09:06:45.000Z,-11.15
2025-11-10T09:07:00.000Z,-12.57
2025-11-10T09:07:15.000Z,-11.88
2025-11-10T09:07:30.000Z,-11.92
2025-11-10T09:07:45.000Z,-9.6
2025-11-10T09:08:00.000Z,-11.79
2025-11-10T09:08:15.000Z,-11.88
2025-11-10T09:08:30.000Z,-11.18
2025-11-10T09:08:45.000Z,-13.26
2025-11-10T09:09:00.000Z,-12.33
2025-11-10T09:09:15.000Z,-12.48
2025-11-10T09:09:30.000Z,-11.9
2025-11-10T09:09:45.000Z,-13.99
2025-11-10T09:10:00.000Z,-10.85
2025-11-10T09:10:15.000Z,-13.93
2025-11-10T09:10:30.000Z,-16.17
2025-11-10T09:10:45.000Z,-15.01
2025-11-10T09:11:00.000Z,-15.59
2025-11-10T09:11:15.000Z,-17.72
2025-11-10T09:11:30.000Z,-17.69
2025-11-10T09:11:45.000Z,-13.9
2025-11-10T09:12:00.000Z,-12.94
2025-11-10T09:12:15.000Z,-11.09
2025-11-10T09:12:30.000Z,-11.67
2025-11-10T09:12:45.000Z,-12.35
2025-11-10T09:13:00.000Z,-12.72
2025-11-10T09:13:15.000Z,-11.1
2025-11-10T09:13:30.000Z,-12.99
2025-11-10T09:13:45.000Z,-13.24
2025-11-10T09:14:00.000Z,-14.68
2025-11-10T09:14:15.000Z,-12.14
2025-11-10T09:14:30.000Z,-13.7
2025-11-10T09:14:45.000Z,-13.2
2025-11-10T09:15:00.000Z,-13.11
2025-11-10T09:15:15.000Z,-12.58
2025-11-10T09:15:30.000Z,-13.98
2025-11-10T09:15:45.000Z,-15.51
2025-11-10T09:16:00.000Z,-16.92
2025-11-10T09:16:15.000Z,-14.32
2025-11-10T09:16:30.000Z,-15.0
2025-11-10T09:16:45.000Z,-15.38
2025-11-10T09:17:00.000Z,-17.91
2025-11-10T09:17:15.000Z,-12.93
2025-11-10T09:17:30.000Z,-12.19
2025-11-10T09:17:45.000Z,-13.24
2025-11-10T09:18:00.000Z,-10.99
2025-11-10T09:18:15.000Z,-12.05
2025-11-10T09:18:30.000Z,-13.03
2025-11-10T09:18:45.000Z,-12.98
2025-11-10T09:19:00.000Z,-17.22
2025-11-10T09:19:15.000Z,-11.51
2025-11-10T09:19:30.000Z,-9.71
2025-11-10T09:19:45.000Z,-11.21
2025-11-10T09:20:00.000Z,-14.75
2025-11-10T09:20:15.000Z,-13.9
2025-11-10T09:20:30.000Z,-12.64
2025-11-10T09:20:45.000Z,-10.94
2025-11-10T09:21:00.000Z,-12.95
2025-11-10T09:21:15.000Z,-10.68
2025-11-10T09:21:30.000Z,-11.53
2025-11-10T09:21:45.000Z,-12.39
2025-11-10T09:22:00.000Z,-17.27
2025-11-10T09:22:15.000Z,-13.17
2025-11-10T09:22:30.000Z,-10.9
2025-11-10T09:22:45.000Z,-13.7
2025-11-10T09:23:00.000Z,-11.83
2025-11-10T09:23:15.000Z,-11.32
2025-11-10T09:23:30.000Z,-11.27
2025-11-10T09:23:45.000Z,-12.37
2025-11-10T09:24:00.000Z,-13.17
2025-11-10T09:24:15.000Z,-12.82
2025-11-10T09:24:30.000Z,-12.22
2025-11-10T09:24:45.000Z,-11.35
2025-11-10T09:25:00.000Z,-12.44
2025-11-10T09:25:15.000Z,-14.13
2025-11-10T09:25:30.000Z,-15.78
2025-11-10T09:25:45.000Z,-17.07
2025-11-10T09:26:00.000Z,-21.92
2025-11-10T09:26:15.000Z,-27.87
2025-11-10T09:26:30.000Z,-26.04
2025-11-10T09:26:45.000Z,-29.08
2025-11-10T09:27:00.000Z,-39.37
2025-11-10T09:27:15.000Z,-39.55
2025-11-10T09:27:30.000Z,-38.06
2025-11-10T09:27:45.000Z,-36.35
2025-11-10T09:28:00.000Z,-35.64
2025-11-10T09:28:15.000Z,-32.58
2025-11-10T09:28:30.000Z,-38.45
2025-11-10T09:28:45.000Z,-38.8
2025-11-10T09:29:00.000Z,-39.46
2025-11-10T09:29:15.000Z,-37.79
2025-11-10T09:29:30.000Z,-31.66
2025-11-10T09:29:45.000Z,-28.71
2025-11-10T09:30:00.000Z,-27.81
2025-11-10T09:30:15.000Z,-27.85
2025-11-10T09:30:30.000Z,-28.29
2025-11-10T09:30:45.000Z,-27.33
2025-11-10T09:31:00.000Z,-26.93
2025-11-10T09:31:15.000Z,-29.42
2025-11-10T09:31:30.000Z,-30.34
2025-11-10T09:31:45.000Z,-31.72
2025-11-10T09:32:00.000Z,-34.73
2025-11-10T09:32:15.000Z,-34.33
2025-11-10T09:32:30.000Z,-35.92
2025-11-10T09:32:45.000Z,-38.62
2025-11-10T09:33:00.000Z,-38.73
2025-11-10T09:33:15.000Z,-39.31
2025-11-10T09:33:30.000Z,-40.96
2025-11-10T09:33:45.000Z,-39.89
2025-11-10T09:34:00.000Z,-38.11
2025-11-10T09:34:15.000Z,-35.27
2025-11-10T09:34:30.000Z,-39.18
2025-11-10T09:34:45.000Z,-40.5
2025-11-10T09:35:00.000Z,-39.57
2025-11-10T09:35:15.000Z,-38.91
2025-11-10T09:35:30.000Z,-39.35
2025-11-10T09:35:45.000Z,-41.09
2025-11-10T09:36:00.000Z,-41.53
2025-11-10T09:36:15.000Z,-41.26
2025-11-10T09:36:30.000Z,-40.28
2025-11-10T09:36:45.000Z,-40.86
2025-11-10T09:37:00.000Z,-40.42
2025-11-10T09:37:15.000Z,-38.78
2025-11-10T09:37:30.000Z,-40.41
2025-11-10T09:37:45.000Z,-37.73
2025-11-10T09:38:00.000Z,-31.6
2025-11-10T09:38:15.000Z,-27.48
2025-11-10T09:38:30.000Z,-31.33
2025-11-10T09:38:45.000Z,-35.06
2025-11-10T09:39:00.000Z,-38.9
2025-11-10T09:39:15.000Z,-40.13
2025-11-10T09:39:30.000Z,-39.88
2025-11-10T09:39:45.000Z,-40.14
2025-11-10T09:40:00.000Z,-40.06
2025-11-10T09:40:15.000Z,-41.5
2025-11-10T09:40:30.000Z,-39.92
2025-11-10T09:40:45.000Z,-40.18
2025-11-10T09:41:00.000Z,-38.88
2025-11-10T09:41:15.000Z,-40.15
2025-11-10T09:41:30.000Z,-40.26
2025-11-10T09:41:45.000Z,-39.06
2025-11-10T09:42:00.000Z,-37.38
2025-11-10T09:42:15.000Z,-39.33
2025-11-10T09:42:30.000Z,-41.2
2025-11-10T09:42:45.000Z,-41.36
2025-11-10T09:43:00.000Z,-39.91
2025-11-10T09:43:15.000Z,-39.67
2025-11-10T09:43:30.000Z,-39.27
2025-11-10T09:43:45.000Z,-38.19
2025-11-10T09:44:00.000Z,-38.81
2025-11-10T09:44:15.000Z,-38.06
2025-11-10T09:44:30.000Z,-37.57
2025-11-10T09:44:45.000Z,-34.08
2025-11-10T09:45:00.000Z,-31.91
2025-11-10T09:45:15.000Z,-31.59
2025-11-10T09:45:30.000Z,-31.89
2025-11-10T09:45:45.000Z,-31.87
2025-11-10T09:46:00.000Z,-30.99
2025-11-10T09:46:15.000Z,-31.9
2025-11-10T09:46:30.000Z,-33.35
2025-11-10T09:46:45.000Z,-36.52
2025-11-10T09:47:00.000Z,-36.14
2025-11-10T09:47:15.000Z,-34.48
2025-11-10T09:47:30.000Z,-34.48
2025-11-10T09:47:45.000Z,-35.18
2025-11-10T09:48:00.000Z,-38.46
2025-11-10T09:48:15.000Z,-35.78
2025-11-10T09:48:30.000Z,-37.45
2025-11-10T09:48:45.000Z,-37.37
2025-11-10T09:49:00.000Z,-36.75
2025-11-10T09:49:15.000Z,-35.94
2025-11-10T09:49:30.000Z,-36.52
2025-11-10T09:49:45.000Z,-36.27
2025-11-10T09:50:00.000Z,-38.24
2025-11-10T09:50:15.000Z,-33.91
2025-11-10T09:50:30.000Z,-32.99
2025-11-10T09:50:45.000Z,-38.88
2025-11-10T09:51:00.000Z,-37.51
2025-11-10T09:51:15.000Z,-38.22
2025-11-10T09:51:30.000Z,-37.81
2025-11-10T09:51:45.000Z,-37.99
2025-11-10T09:52:00.000Z,-39.47
2025-11-10T09:52:15.000Z,-38.23
2025-11-10T09:52:30.000Z,-39.31
2025-11-10T09:52:45.000Z,-37.81
2025-11-10T09:53:00.000Z,-37.65
2025-11-10T09:53:15.000Z,-37.96
2025-11-10T09:53:30.000Z,-39.98
2025-11-10T09:53:45.000Z,-39.95
2025-11-10T09:54:00.000Z,-39.8
2025-11-10T09:54:15.000Z,-38.75
2025-11-10T09:54:30.000Z,-38.28
2025-11-10T09:54:45.000Z,-36.13
2025-11-10T09:55:00.000Z,-38.07
2025-11-10T09:55:15.000Z,-38.96
2025-11-10T09:55:30.000Z,-36.71
2025-11-10T09:55:45.000Z,-37.85
2025-11-10T09:56:00.000Z,-36.13
2025-11-10T09:56:15.000Z,-37.48
2025-11-10T09:56:30.000Z,-38.44
2025-11-10T09:56:45.000Z,-39.16
2025-11-10T09:57:00.000Z,-38.23
2025-11-10T09:57:15.000Z,-40.13
2025-11-10T09:57:30.000Z,-40.12
2025-11-10T09:57:45.000Z,-39.91
2025-11-10T09:58:00.000Z,-39.81
2025-11-10T09:58:15.000Z,-40.14
2025-11-10T09:58:30.000Z,-37.97
2025-11-10T09:58:45.000Z,-40.08
2025-11-10T09:59:00.000Z,-40.25
2025-11-10T09:59:15.000Z,-40.97
2025-11-10T09:59:30.000Z,-40.43
2025-11-10T09:59:45.000Z,-40.24
2025-11-10T10:00:00.000Z,-40.07
2025-11-10T10:00:15.000Z,-40.23
2025-11-10T10:00:30.000Z,-39.85
2025-11-10T10:00:45.000Z,-40.41
2025-11-10T10:01:00.000Z,-41.09
2025-11-10T10:01:15.000Z,-39.08
2025-11-10T10:01:30.000Z,-38.57
2025-11-10T10:01:45.000Z,-38.37
2025-11-10T10:02:00.000Z,-36.63
2025-11-10T10:02:15.000Z,-36.73
2025-11-10T10:02:30.000Z,-34.76
2025-11-10T10:02:45.000Z,-36.13
2025-11-10T10:03:00.000Z,-36.74
2025-11-10T10:03:15.000Z,-35.5
2025-11-10T10:03:30.000Z,-37.27
2025-11-10T10:03:45.000Z,-35.92
2025-11-10T10:04:00.000Z,-33.89
2025-11-10T10:04:15.000Z,-36.02
2025-11-10T10:04:30.000Z,-36.54
2025-11-10T10:04:45.000Z,-37.63
2025-11-10T10:05:00.000Z,-38.73
2025-11-10T10:05:15.000Z,-38.75
2025-11-10T10:05:30.000Z,-39.02
2025-11-10T10:05:45.000Z,-37.33
2025-11-10T10:06:00.000Z,-35.49
2025-11-10T10:06:15.000Z,-34.45
2025-11-10T10:06:30.000Z,-39.87
2025-11-10T10:06:45.000Z,-38.29
2025-11-10T10:07:00.000Z,-39.84
2025-11-10T10:07:15.000Z,-38.36
2025-11-10T10:07:30.000Z,-37.44
2025-11-10T10:07:45.000Z,-38.32
2025-11-10T10:08:00.000Z,-38.49
2025-11-10T10:08:15.000Z,-40.48
2025-11-10T10:08:30.000Z,-39.85
2025-11-10T10:08:45.000Z,-38.83
2025-11-10T10:09:00.000Z,-37.76
2025-11-10T10:09:15.000Z,-37.53
2025-11-10T10:09:30.000Z,-36.79
2025-11-10T10:09:45.000Z,-38.11
2025-11-10T10:10:00.000Z,-37.33
2025-11-10T10:10:15.000Z,-39.74
2025-11-10T10:10:30.000Z,-38.55
2025-11-10T10:10:45.000Z,-35.13
2025-11-10T10:11:00.000Z,-33.8
2025-11-10T10:11:15.000Z,-36.78
2025-11-10T10:11:30.000Z,-37.95
2025-11-10T10:11:45.000Z,-36.75
2025-11-10T10:12:00.000Z,-37.72
2025-11-10T10:12:15.000Z,-37.96
2025-11-10T10:12:30.000Z,-38.28
2025-11-10T10:12:45.000Z,-38.47
2025-11-10T10:13:00.000Z,-38.43
2025-11-10T10:13:15.000Z,-39.1
2025-11-10T10:13:30.000Z,-36.65
2025-11-10T10:13:45.000Z,-38.26
2025-11-10T10:14:00.000Z,-37.3
2025-11-10T10:14:15.000Z,-38.27
2025-11-10T10:14:30.000Z,-38.96
2025-11-10T10:14:45.000Z,-37.13
2025-11-10T10:15:00.000Z,-38.72
2025-11-10T10:15:15.000Z,-39.44
2025-11-10T10:15:30.000Z,-38.93
2025-11-10T10:15:45.000Z,-36.84
2025-11-10T10:16:00.000Z,-39.15
2025-11-10T10:16:15.000Z,-38.61
2025-11-10T10:16:30.000Z,-37.38
2025-11-10T10:16:45.000Z,-36.85
2025-11-10T10:17:00.000Z,-38.24
2025-11-10T10:17:15.000Z,-35.74
2025-11-10T10:17:30.000Z,-38.65
2025-11-10T10:17:45.000Z,-38.38
2025-11-10T10:18:00.000Z,-39.62
2025-11-10T10:18:15.000Z,-40.01
2025-11-10T10:18:30.000Z,-40.29
2025-11-10T10:18:45.000Z,-40.03
2025-11-10T10:19:00.000Z,-38.63
2025-11-10T10:19:15.000Z,-37.71
2025-11-10T10:19:30.000Z,-36.31
2025-11-10T10:19:45.000Z,-37.13
2025-11-10T10:20:00.000Z,-36.31
2025-11-10T10:20:15.000Z,-36.26
2025-11-10T10:20:30.000Z,-38.8
2025-11-10T10:20:45.000Z,-38.85
2025-11-10T10:21:00.000Z,-38.92
2025-11-10T10:21:15.000Z,-39.49
2025-11-10T10:21:30.000Z,-40.2
2025-11-10T10:21:45.000Z,-39.37
2025-11-10T10:22:00.000Z,-38.69
2025-11-10T10:22:15.000Z,-39.12
2025-11-10T10:22:30.000Z,-38.3
2025-11-10T10:22:45.000Z,-39.71
2025-11-10T10:23:00.000Z,-37.81
2025-11-10T10:23:15.000Z,-38.46
2025-11-10T10:23:30.000Z,-39.42
2025-11-10T10:23:45.000Z,-40.19
2025-11-10T10:24:00.000Z,-39.09
2025-11-10T10:24:15.000Z,-38.27
2025-11-10T10:24:30.000Z,-38.16
2025-11-10T10:24:45.000Z,-37.88
2025-11-10T10:25:00.000Z,-37.9
2025-11-10T10:25:15.000Z,-37.62
2025-11-10T10:25:30.000Z,-38.14
2025-11-10T10:25:45.000Z,-37.4
2025-11-10T10:26:00.000Z,-34.92
2025-11-10T10:26:15.000Z,-36.85
2025-11-10T10:26:30.000Z,-39.01
2025-11-10T10:26:45.000Z,-39.74
2025-11-10T10:27:00.000Z,-39.4
2025-11-10T10:27:15.000Z,-39.88
2025-11-10T10:27:30.000Z,-34.47
2025-11-10T10:27:45.000Z,-36.36
2025-11-10T10:28:00.000Z,-35.49
2025-11-10T10:28:15.000Z,-37.78
2025-11-10T10:28:30.000Z,-36.63
2025-11-10T10:28:45.000Z,-36.11
2025-11-10T10:29:00.000Z,-35.74
2025-11-10T10:29:15.000Z,-38.89
2025-11-10T10:29:30.000Z,-36.37
2025-11-10T10:29:45.000Z,-40.18
2025-11-10T10:30:00.000Z,-40.06
2025-11-10T10:30:15.000Z,-38.5
2025-11-10T10:30:30.000Z,-39.66
2025-11-10T10:30:45.000Z,-38.92
2025-11-10T10:31:00.000Z,-39.75
2025-11-10T10:31:15.000Z,-39.67
2025-11-10T10:31:30.000Z,-39.87
2025-11-10T10:31:45.000Z,-40.35
2025-11-10T10:32:00.000Z,-39.9
2025-11-10T10:32:15.000Z,-39.88
2025-11-10T10:32:30.000Z,-40.76
2025-11-10T10:32:45.000Z,-39.84
2025-11-10T10:33:00.000Z,-38.62
2025-11-10T10:33:15.000Z,-36.4
2025-11-10T10:33:30.000Z,-36.83
2025-11-10T10:33:45.000Z,-38.58
2025-11-10T10:34:00.000Z,-39.93
2025-11-10T10:34:15.000Z,-39.89
2025-11-10T10:34:30.000Z,-39.35
2025-11-10T10:34:45.000Z,-40.12
2025-11-10T10:35:00.000Z,-39.47
2025-11-10T10:35:15.000Z,-37.84
2025-11-10T10:35:30.000Z,-35.82
2025-11-10T10:35:45.000Z,-36.83
2025-11-10T10:36:00.000Z,-37.28
2025-11-10T10:36:15.000Z,-40.4
2025-11-10T10:36:30.000Z,-36.09
2025-11-10T10:36:45.000Z,-37.68
2025-11-10T10:37:00.000Z,-38.86
2025-11-10T10:37:15.000Z,-37.48
2025-11-10T10:37:30.000Z,-38.14
2025-11-10T10:37:45.000Z,-36.42
2025-11-10T10:38:00.000Z,-33.21
2025-11-10T10:38:15.000Z,-35.07
2025-11-10T10:38:30.000Z,-37.44
2025-11-10T10:38:45.000Z,-38.24
2025-11-10T10:39:00.000Z,-37.41
2025-11-10T10:39:15.000Z,-30.02
2025-11-10T10:39:30.000Z,-33.49
2025-11-10T10:39:45.000Z,-47.94
2025-11-10T10:40:00.000Z,-54.02
2025-11-10T10:40:15.000Z,-48.44
2025-11-10T10:40:30.000Z,-44.23
2025-11-10T10:40:45.000Z,-37.63
2025-11-10T10:41:00.000Z,-39.84
2025-11-10T10:41:15.000Z,-39.74
2025-11-10T10:41:30.000Z,-39.84
2025-11-10T10:41:45.000Z,-39.08
2025-11-10T10:42:00.000Z,-37.92
2025-11-10T10:42:15.000Z,-37.65
2025-11-10T10:42:30.000Z,-36.43
2025-11-10T10:42:45.000Z,-37.98
2025-11-10T10:43:00.000Z,-37.72
2025-11-10T10:43:15.000Z,-36.79
2025-11-10T10:43:30.000Z,-37.49
2025-11-10T10:43:45.000Z,-35.16
2025-11-10T10:44:00.000Z,-36.85
2025-11-10T10:44:15.000Z,-37.08
2025-11-10T10:44:30.000Z,-37.23
2025-11-10T10:44:45.000Z,-38.67
2025-11-10T10:45:00.000Z,-38.46
2025-11-10T10:45:15.000Z,-37.84
2025-11-10T10:45:30.000Z,-37.45
2025-11-10T10:45:45.000Z,-37.28
2025-11-10T10:46:00.000Z,-37.53
2025-11-10T10:46:15.000Z,-38.45
2025-11-10T10:46:30.000Z,-38.99
2025-11-10T10:46:45.000Z,-37.71
2025-11-10T10:47:00.000Z,-38.91
2025-11-10T10:47:15.000Z,-39.46
2025-11-10T10:47:30.000Z,-39.21
2025-11-10T10:47:45.000Z,-39.14
2025-11-10T10:48:00.000Z,-37.85
2025-11-10T10:48:15.000Z,-37.84
2025-11-10T10:48:30.000Z,-39.48
2025-11-10T10:48:45.000Z,-38.26
2025-11-10T10:49:00.000Z,-38.75
2025-11-10T10:49:15.000Z,-38.78
2025-11-10T10:49:30.000Z,-38.15
2025-11-10T10:49:45.000Z,-38.05
2025-11-10T10:50:00.000Z,-37.8
2025-11-10T10:50:15.000Z,-36.86
2025-11-10T10:50:30.000Z,-38.26
2025-11-10T10:50:45.000Z,-37.82
2025-11-10T10:51:00.000Z,-38.99
2025-11-10T10:51:15.000Z,-39.22
2025-11-10T10:51:30.000Z,-38.06
2025-11-10T10:51:45.000Z,-37.62
2025-11-10T10:52:00.000Z,-37.98
2025-11-10T10:52:15.000Z,-36.43
2025-11-10T10:52:30.000Z,-37.39
2025-11-10T10:52:45.000Z,-36.5
2025-11-10T10:53:00.000Z,-36.76
2025-11-10T10:53:15.000Z,-36.15
2025-11-10T10:53:30.000Z,-35.89
2025-11-10T10:53:45.000Z,-37.59
2025-11-10T10:54:00.000Z,-36.82
2025-11-10T10:54:15.000Z,-36.75
2025-11-10T10:54:30.000Z,-38.21
2025-11-10T10:54:45.000Z,-39.01
2025-11-10T10:55:00.000Z,-40.08
2025-11-10T10:55:15.000Z,-39.15
2025-11-10T10:55:30.000Z,-40.51
2025-11-10T10:55:45.000Z,-40.26
2025-11-10T10:56:00.000Z,-38.38
2025-11-10T10:56:15.000Z,-37.5
2025-11-10T10:56:30.000Z,-35.96
2025-11-10T10:56:45.000Z,-38.75
2025-11-10T10:57:00.000Z,-39.4
2025-11-10T10:57:15.000Z,-39.32
2025-11-10T10:57:30.000Z,-39.0
2025-11-10T10:57:45.000Z,-36.03
2025-11-10T10:58:00.000Z,-38.27
2025-11-10T10:58:15.000Z,-39.07
2025-11-10T10:58:30.000Z,-36.4
2025-11-10T10:58:45.000Z,-38.73
2025-11-10T10:59:00.000Z,-37.7
2025-11-10T10:59:15.000Z,-37.43
2025-11-10T10:59:30.000Z,-32.28
2025-11-10T10:59:45.000Z,-28.27
2025-11-10T11:00:00.000Z,-27.26
2025-11-10T11:00:15.000Z,-27.3
2025-11-10T11:00:30.000Z,-26.77
2025-11-10T11:00:45.000Z,-27.18
2025-11-10T11:01:00.000Z,-27.59
2025-11-10T11:01:15.000Z,-28.12
2025-11-10T11:01:30.000Z,-29.46
2025-11-10T11:01:45.000Z,-31.85
2025-11-10T11:02:00.000Z,-31.7
2025-11-10T11:02:15.000Z,-33.32
2025-11-10T11:02:30.000Z,-34.2
2025-11-10T11:02:45.000Z,-35.5
2025-11-10T11:03:00.000Z,-37.24
2025-11-10T11:03:15.000Z,-39.38
2025-11-10T11:03:30.000Z,-40.49
2025-11-10T11:03:45.000Z,-40.5
2025-11-10T11:04:00.000Z,-40.1
2025-11-10T11:04:15.000Z,-39.45
2025-11-10T11:04:30.000Z,-39.66
2025-11-10T11:04:45.000Z,-38.49
2025-11-10T11:05:00.000Z,-39.44
2025-11-10T11:05:15.000Z,-38.7
2025-11-10T11:05:30.000Z,-37.64
2025-11-10T11:05:45.000Z,-38.23
2025-11-10T11:06:00.000Z,-37.68
2025-11-10T11:06:15.000Z,-37.77
2025-11-10T11:06:30.000Z,-38.67
2025-11-10T11:06:45.000Z,-39.4
2025-11-10T11:07:00.000Z,-38.45
2025-11-10T11:07:15.000Z,-38.0
2025-11-10T11:07:30.000Z,-38.03
2025-11-10T11:07:45.000Z,-36.46
2025-11-10T11:08:00.000Z,-37.68
2025-11-10T11:08:15.000Z,-38.86
2025-11-10T11:08:30.000Z,-38.99
2025-11-10T11:08:45.000Z,-39.62
2025-11-10T11:09:00.000Z,-38.03
2025-11-10T11:09:15.000Z,-55.35
2025-11-10T11:09:30.000Z,-59.2
2025-11-10T11:09:45.000Z,-63.54
2025-11-10T11:10:00.000Z,-63.44
2025-11-10T11:10:15.000Z,-57.39
2025-11-10T11:10:30.000Z,-58.31
2025-11-10T11:10:45.000Z,-63.65
2025-11-10T11:11:00.000Z,-60.32
2025-11-10T11:11:15.000Z,-64.8
2025-11-10T11:11:30.000Z,-64.54
2025-11-10T11:11:45.000Z,-63.97
2025-11-10T11:12:00.000Z,-64.97
2025-11-10T11:12:15.000Z,-61.81
2025-11-10T11:12:30.000Z,-62.93
2025-11-10T11:12:45.000Z,-64.1
2025-11-10T11:13:00.000Z,-62.98
2025-11-10T11:13:15.000Z,-59.89
2025-11-10T11:13:30.000Z,-61.31
2025-11-10T11:13:45.000Z,-62.66
2025-11-10T11:14:00.000Z,-59.38
2025-11-10T11:14:15.000Z,-59.56
2025-11-10T11:14:30.000Z,-58.08
2025-11-10T11:14:45.000Z,-55.25
2025-11-10T11:15:00.000Z,-56.23
2025-11-10T11:15:15.000Z,-56.76
2025-11-10T11:15:30.000Z,-56.95
2025-11-10T11:15:45.000Z,-55.17
2025-11-10T11:16:00.000Z,-54.2
2025-11-10T11:16:15.000Z,-56.17
2025-11-10T11:16:30.000Z,-55.28
2025-11-10T11:16:45.000Z,-51.74
2025-11-10T11:17:00.000Z,-53.11
2025-11-10T11:17:15.000Z,-54.72
2025-11-10T11:17:30.000Z,-55.85
2025-11-10T11:17:45.000Z,-57.48
2025-11-10T11:18:00.000Z,-56.44
2025-11-10T11:18:15.000Z,-58.2
2025-11-10T11:18:30.000Z,-57.21
2025-11-10T11:18:45.000Z,-57.2
2025-11-10T11:19:00.000Z,-48.76
2025-11-10T11:19:15.000Z,-49.01
2025-11-10T11:19:30.000Z,-49.36
2025-11-10T11:19:45.000Z,-55.75
2025-11-10T11:20:00.000Z,-55.15
2025-11-10T11:20:15.000Z,-56.56
2025-11-10T11:20:30.000Z,-56.34
2025-11-10T11:20:45.000Z,-58.85
2025-11-10T11:21:00.000Z,-56.72
2025-11-10T11:21:15.000Z,-59.93
2025-11-10T11:21:30.000Z,-59.1
2025-11-10T11:21:45.000Z,-60.72
2025-11-10T11:22:00.000Z,-59.24
2025-11-10T11:22:15.000Z,-59.54
2025-11-10T11:22:30.000Z,-59.92
2025-11-10T11:22:45.000Z,-60.53
2025-11-10T11:23:00.000Z,-57.72
2025-11-10T11:23:15.000Z,-54.93
2025-11-10T11:23:30.000Z,-59.54
2025-11-10T11:23:45.000Z,-59.62
2025-11-10T11:24:00.000Z,-57.06
2025-11-10T11:24:15.000Z,-59.11
2025-11-10T11:24:30.000Z,-60.03
2025-11-10T11:24:45.000Z,-55.66
2025-11-10T11:25:00.000Z,-56.99
2025-11-10T11:25:15.000Z,-54.5
2025-11-10T11:25:30.000Z,-54.32
2025-11-10T11:25:45.000Z,-53.94
2025-11-10T11:26:00.000Z,-53.96
2025-11-10T11:26:15.000Z,-52.68
2025-11-10T11:26:30.000Z,-54.0
2025-11-10T11:26:45.000Z,-52.94
2025-11-10T11:27:00.000Z,-55.46
2025-11-10T11:27:15.000Z,-55.16
2025-11-10T11:27:30.000Z,-57.53
2025-11-10T11:27:45.000Z,-55.65
2025-11-10T11:28:00.000Z,-53.91
2025-11-10T11:28:15.000Z,-53.83
2025-11-10T11:28:30.000Z,-54.68
2025-11-10T11:28:45.000Z,-55.88
2025-11-10T11:29:00.000Z,-56.43
2025-11-10T11:29:15.000Z,-56.23
2025-11-10T11:29:30.000Z,-55.63
2025-11-10T11:29:45.000Z,-55.48
2025-11-10T11:30:00.000Z,-52.91
2025-11-10T11:30:15.000Z,-54.72
2025-11-10T11:30:30.000Z,-54.22
2025-11-10T11:30:45.000Z,-54.84
2025-11-10T11:31:00.000Z,-52.68
2025-11-10T11:31:15.000Z,-54.34
2025-11-10T11:31:30.000Z,-56.23
2025-11-10T11:31:45.000Z,-53.8
2025-11-10T11:32:00.000Z,-52.76
2025-11-10T11:32:15.000Z,-55.84
2025-11-10T11:32:30.000Z,-56.62
2025-11-10T11:32:45.000Z,-52.65
2025-11-10T11:33:00.000Z,-57.01
2025-11-10T11:33:15.000Z,-57.82
2025-11-10T11:33:30.000Z,-57.87
2025-11-10T11:33:45.000Z,-59.4
2025-11-10T11:34:00.000Z,-57.0
2025-11-10T11:34:15.000Z,-55.37
2025-11-10T11:34:30.000Z,-55.83
2025-11-10T11:34:45.000Z,-56.06
2025-11-10T11:35:00.000Z,-53.79
2025-11-10T11:35:15.000Z,-47.85
2025-11-10T11:35:30.000Z,-53.92
2025-11-10T11:35:45.000Z,-54.17
2025-11-10T11:36:00.000Z,-55.06
2025-11-10T11:36:15.000Z,-55.12
2025-11-10T11:36:30.000Z,-55.12
2025-11-10T11:36:45.000Z,-54.86
2025-11-10T11:37:00.000Z,-50.74
2025-11-10T11:37:15.000Z,-55.2
2025-11-10T11:37:30.000Z,-57.82
2025-11-10T11:37:45.000Z,-57.28
2025-11-10T11:38:00.000Z,-55.54
2025-11-10T11:38:15.000Z,-57.58
2025-11-10T11:38:30.000Z,-55.88
2025-11-10T11:38:45.000Z,-57.7
2025-11-10T11:39:00.000Z,-57.61
2025-11-10T11:39:15.000Z,-59.08
2025-11-10T11:39:30.000Z,-59.26
2025-11-10T11:39:45.000Z,-57.91
2025-11-10T11:40:00.000Z,-56.74
2025-11-10T11:40:15.000Z,-54.26
2025-11-10T11:40:30.000Z,-57.16
2025-11-10T11:40:45.000Z,-56.48
2025-11-10T11:41:00.000Z,-56.24
2025-11-10T11:41:15.000Z,-52.79
2025-11-10T11:41:30.000Z,-53.81
2025-11-10T11:41:45.000Z,-55.96
2025-11-10T11:42:00.000Z,-54.14
2025-11-10T11:42:15.000Z,-53.21
2025-11-10T11:42:30.000Z,-56.71
2025-11-10T11:42:45.000Z,-54.72
2025-11-10T11:43:00.000Z,-57.82
2025-11-10T11:43:15.000Z,-55.58
2025-11-10T11:43:30.000Z,-56.21
2025-11-10T11:43:45.000Z,-58.41
2025-11-10T11:44:00.000Z,-57.33
2025-11-10T11:44:15.000Z,-54.66
2025-11-10T11:44:30.000Z,-56.67
2025-11-10T11:44:45.000Z,-52.23
2025-11-10T11:45:00.000Z,-56.81
2025-11-10T11:45:15.000Z,-56.94
2025-11-10T11:45:30.000Z,-54.22
2025-11-10T11:45:45.000Z,-58.22
2025-11-10T11:46:00.000Z,-53.71
2025-11-10T11:46:15.000Z,-53.63
2025-11-10T11:46:30.000Z,-55.3
2025-11-10T11:46:45.000Z,-56.78
2025-11-10T11:47:00.000Z,-51.82
2025-11-10T11:47:15.000Z,-57.01
2025-11-10T11:47:30.000Z,-57.78
2025-11-10T11:47:45.000Z,-57.47
2025-11-10T11:48:00.000Z,-57.14
2025-11-10T11:48:15.000Z,-56.02
2025-11-10T11:48:30.000Z,-55.76
2025-11-10T11:48:45.000Z,-56.38
2025-11-10T11:49:00.000Z,-53.97
2025-11-10T11:49:15.000Z,-51.99
2025-11-10T11:49:30.000Z,-54.95
2025-11-10T11:49:45.000Z,-54.37
2025-11-10T11:50:00.000Z,-55.35
2025-11-10T11:50:15.000Z,-54.18
2025-11-10T11:50:30.000Z,-56.97
2025-11-10T11:50:45.000Z,-55.13
2025-11-10T11:51:00.000Z,-55.4
2025-11-10T11:51:15.000Z,-58.91
2025-11-10T11:51:30.000Z,-53.66
2025-11-10T11:51:45.000Z,-54.55
2025-11-10T11:52:00.000Z,-53.55
2025-11-10T11:52:15.000Z,-54.77
2025-11-10T11:52:30.000Z,-57.3
2025-11-10T11:52:45.000Z,-57.35
2025-11-10T11:53:00.000Z,-58.11
2025-11-10T11:53:15.000Z,-55.71
2025-11-10T11:53:30.000Z,-57.97
2025-11-10T11:53:45.000Z,-57.37
2025-11-10T11:54:00.000Z,-57.22
2025-11-10T11:54:15.000Z,-52.93
2025-11-10T11:54:30.000Z,-53.33
2025-11-10T11:54:45.000Z,-56.68
2025-11-10T11:55:00.000Z,-54.83
2025-11-10T11:55:15.000Z,-54.07
2025-11-10T11:55:30.000Z,-55.45
2025-11-10T11:55:45.000Z,-54.04
2025-11-10T11:56:00.000Z,-50.61
2025-11-10T11:56:15.000Z,-52.35
2025-11-10T11:56:30.000Z,-53.55
2025-11-10T11:56:45.000Z,-53.4
2025-11-10T11:57:00.000Z,-53.43
2025-11-10T11:57:15.000Z,-56.55
2025-11-10T11:57:30.000Z,-54.98
2025-11-10T11:57:45.000Z,-54.1
2025-11-10T11:58:00.000Z,-53.93
2025-11-10T11:58:15.000Z,-55.99
2025-11-10T11:58:30.000Z,-55.08
2025-11-10T11:58:45.000Z,-54.38
2025-11-10T11:59:00.000Z,-53.75
2025-11-10T11:59:15.000Z,-55.06
2025-11-10T11:59:30.000Z,-48.11
2025-11-10T11:59:45.000Z,-52.96
2025-11-10T12:00:00.000Z,-56.74
2025-11-10T12:00:15.000Z,-54.53
2025-11-10T12:00:30.000Z,-55.37
2025-11-10T12:00:45.000Z,-55.32
2025-11-10T12:01:00.000Z,-54.02
2025-11-10T12:01:15.000Z,-54.42
2025-11-10T12:01:30.000Z,-54.11
2025-11-10T12:01:45.000Z,-57.25
2025-11-10T12:02:00.000Z,-53.79
2025-11-10T12:02:15.000Z,-56.08
2025-11-10T12:02:30.000Z,-55.75
2025-11-10T12:02:45.000Z,-57.79
2025-11-10T12:03:00.000Z,-57.49
2025-11-10T12:03:15.000Z,-56.43
2025-11-10T12:03:30.000Z,-57.22
2025-11-10T12:03:45.000Z,-55.33
2025-11-10T12:04:00.000Z,-56.49
2025-11-10T12:04:15.000Z,-56.66
2025-11-10T12:04:30.000Z,-56.34
2025-11-10T12:04:45.000Z,-55.28
2025-11-10T12:05:00.000Z,-53.77
2025-11-10T12:05:15.000Z,-55.57
2025-11-10T12:05:30.000Z,-54.51
2025-11-10T12:05:45.000Z,-53.53
2025-11-10T12:06:00.000Z,-55.02
2025-11-10T12:06:15.000Z,-54.62
2025-11-10T12:06:30.000Z,-49.37
2025-11-10T12:06:45.000Z,-58.69
2025-11-10T12:07:00.000Z,-59.88
2025-11-10T12:07:15.000Z,-60.86
2025-11-10T12:07:30.000Z,-54.92
2025-11-10T12:07:45.000Z,-56.83
2025-11-10T12:08:00.000Z,-53.29
2025-11-10T12:08:15.000Z,-52.38
2025-11-10T12:08:30.000Z,-44.69
2025-11-10T12:08:45.000Z,-54.64
2025-11-10T12:09:00.000Z,-56.7
2025-11-10T12:09:15.000Z,-57.62
2025-11-10T12:09:30.000Z,-55.24
2025-11-10T12:09:45.000Z,-56.48
2025-11-10T12:10:00.000Z,-57.72
2025-11-10T12:10:15.000Z,-58.17
2025-11-10T12:10:30.000Z,-58.72
2025-11-10T12:10:45.000Z,-57.63
2025-11-10T12:11:00.000Z,-57.83
2025-11-10T12:11:15.000Z,-58.25
2025-11-10T12:11:30.000Z,-55.81
2025-11-10T12:11:45.000Z,-58.11
2025-11-10T12:12:00.000Z,-58.6
2025-11-10T12:12:15.000Z,-60.01
2025-11-10T12:12:30.000Z,-59.24
2025-11-10T12:12:45.000Z,-58.87
2025-11-10T12:13:00.000Z,-57.84
2025-11-10T12:13:15.000Z,-58.67
2025-11-10T12:13:30.000Z,-54.65
2025-11-10T12:13:45.000Z,-58.73
2025-11-10T12:14:00.000Z,-58.75
2025-11-10T12:14:15.000Z,-58.18
2025-11-10T12:14:30.000Z,-57.66
2025-11-10T12:14:45.000Z,-58.82
2025-11-10T12:15:00.000Z,-57.31
2025-11-10T12:15:15.000Z,-58.47
2025-11-10T12:15:30.000Z,-58.5
2025-11-10T12:15:45.000Z,-56.19
2025-11-10T12:16:00.000Z,-58.16
2025-11-10T12:16:15.000Z,-57.13
2025-11-10T12:16:30.000Z,-58.47
2025-11-10T12:16:45.000Z,-58.15
2025-11-10T12:17:00.000Z,-28.88
2025-11-10T12:17:15.000Z,-21.7
2025-11-10T12:17:30.000Z,-21.62
2025-11-10T12:17:45.000Z,-16.9
2025-11-10T12:18:00.000Z,-20.02
2025-11-10T12:18:15.000Z,-18.22
2025-11-10T12:18:30.000Z,-12.57
2025-11-10T12:18:45.000Z,-13.58
2025-11-10T12:19:00.000Z,-12.63
2025-11-10T12:19:15.000Z,-12.63
2025-11-10T12:19:30.000Z,-13.29
2025-11-10T12:19:45.000Z,-14.05
2025-11-10T12:20:00.000Z,-14.21
2025-11-10T12:20:15.000Z,-22.45
2025-11-10T12:20:30.000Z,-12.02
2025-11-10T12:20:45.000Z,-12.69
2025-11-10T12:21:00.000Z,-12.51
2025-11-10T12:21:15.000Z,-12.23
2025-11-10T12:21:30.000Z,-12.78
2025-11-10T12:21:45.000Z,-11.82
2025-11-10T12:22:00.000Z,-12.98
2025-11-10T12:22:15.000Z,-12.27
2025-11-10T12:22:30.000Z,-13.19
2025-11-10T12:22:45.000Z,-13.66
2025-11-10T12:23:00.000Z,-12.92
2025-11-10T12:23:15.000Z,-14.09
2025-11-10T12:23:30.000Z,-23.0
2025-11-10T12:23:45.000Z,-14.64
2025-11-10T12:24:00.000Z,-13.5
2025-11-10T12:24:15.000Z,-11.81
2025-11-10T12:24:30.000Z,-10.23
2025-11-10T12:24:45.000Z,-10.43
2025-11-10T12:25:00.000Z,-12.2
2025-11-10T12:25:15.000Z,-17.49
2025-11-10T12:25:30.000Z,-18.03
2025-11-10T12:25:45.000Z,-13.11
2025-11-10T12:26:00.000Z,-13.09
2025-11-10T12:26:15.000Z,-13.88
2025-11-10T12:26:30.000Z,-17.66
2025-11-10T12:26:45.000Z,-24.38
2025-11-10T12:27:00.000Z,-20.92
2025-11-10T12:27:15.000Z,-12.74
2025-11-10T12:27:30.000Z,-12.77
2025-11-10T12:27:45.000Z,-12.95
2025-11-10T12:28:00.000Z,-14.26
2025-11-10T12:28:15.000Z,-12.39
2025-11-10T12:28:30.000Z,-15.8
2025-11-10T12:28:45.000Z,-17.31
2025-11-10T12:29:00.000Z,-20.39
2025-11-10T12:29:15.000Z,-23.1
2025-11-10T12:29:30.000Z,-23.24
2025-11-10T12:29:45.000Z,-21.17
2025-11-10T12:30:00.000Z,-22.55
2025-11-10T12:30:15.000Z,-21.88
2025-11-10T12:30:30.000Z,-22.21
2025-11-10T12:30:45.000Z,-23.48
2025-11-10T12:31:00.000Z,-20.39
2025-11-10T12:31:15.000Z,-22.81
2025-11-10T12:31:30.000Z,-21.6
2025-11-10T12:31:45.000Z,-22.11
2025-11-10T12:32:00.000Z,-24.14
2025-11-10T12:32:15.000Z,-26.65
2025-11-10T12:32:30.000Z,-21.29
2025-11-10T12:32:45.000Z,-21.55
2025-11-10T12:33:00.000Z,-21.81
2025-11-10T12:33:15.000Z,-22.76
2025-11-10T12:33:30.000Z,-27.99
2025-11-10T12:33:45.000Z,-31.24
2025-11-10T12:34:00.000Z,-22.87
2025-11-10T12:34:15.000Z,-21.86
2025-11-10T12:34:30.000Z,-21.01
2025-11-10T12:34:45.000Z,-20.49
2025-11-10T12:35:00.000Z,-17.68
2025-11-10T12:35:15.000Z,-17.0
2025-11-10T12:35:30.000Z,-18.43
2025-11-10T12:35:45.000Z,-19.89
2025-11-10T12:36:00.000Z,-19.05
2025-11-10T12:36:15.000Z,-16.26
2025-11-10T12:36:30.000Z,-20.08
2025-11-10T12:36:45.000Z,-22.99
2025-11-10T12:37:00.000Z,-22.99
2025-11-10T12:37:15.000Z,-21.9
2025-11-10T12:37:30.000Z,-19.95
2025-11-10T12:37:45.000Z,-23.22
2025-11-10T12:38:00.000Z,-28.56
2025-11-10T12:38:15.000Z,-20.0
2025-11-10T12:38:30.000Z,-20.31
2025-11-10T12:38:45.000Z,-25.05
2025-11-10T12:39:00.000Z,-24.56
2025-11-10T12:39:15.000Z,-19.18
2025-11-10T12:39:30.000Z,-20.56
2025-11-10T12:39:45.000Z,-19.73
2025-11-10T12:40:00.000Z,-19.63
2025-11-10T12:40:15.000Z,-24.71
2025-11-10T12:40:30.000Z,-23.13
2025-11-10T12:40:45.000Z,-20.45
2025-11-10T12:41:00.000Z,-20.22
2025-11-10T12:41:15.000Z,-20.18
2025-11-10T12:41:30.000Z,-21.07
2025-11-10T12:41:45.000Z,-27.82
2025-11-10T12:42:00.000Z,-27.52
2025-11-10T12:42:15.000Z,-25.82
2025-11-10T12:42:30.000Z,-26.43
2025-11-10T12:42:45.000Z,-30.56
2025-11-10T12:43:00.000Z,-31.7
2025-11-10T12:43:15.000Z,-26.78
2025-11-10T12:43:30.000Z,-24.99
2025-11-10T12:43:45.000Z,-24.69
2025-11-10T12:44:00.000Z,-25.83
2025-11-10T12:44:15.000Z,-24.57
2025-11-10T12:44:30.000Z,-23.73
2025-11-10T12:44:45.000Z,-22.84
2025-11-10T12:45:00.000Z,-21.01
2025-11-10T12:45:15.000Z,-23.34
2025-11-10T12:45:30.000Z,-22.59
2025-11-10T12:45:45.000Z,-21.95
2025-11-10T12:46:00.000Z,-22.3
2025-11-10T12:46:15.000Z,-21.56
2025-11-10T12:46:30.000Z,-25.12
2025-11-10T12:46:45.000Z,-27.7
2025-11-10T12:47:00.000Z,-22.88
2025-11-10T12:47:15.000Z,-20.75
2025-11-10T12:47:30.000Z,-20.34
2025-11-10T12:47:45.000Z,-19.68
2025-11-10T12:48:00.000Z,-23.15
2025-11-10T12:48:15.000Z,-25.26
2025-11-10T12:48:30.000Z,-22.51
2025-11-10T12:48:45.000Z,-21.63
2025-11-10T12:49:00.000Z,-19.74
2025-11-10T12:49:15.000Z,-20.36
2025-11-10T12:49:30.000Z,-20.87
2025-11-10T12:49:45.000Z,-23.55
2025-11-10T12:50:00.000Z,-22.27
2025-11-10T12:50:15.000Z,-21.28
2025-11-10T12:50:30.000Z,-22.78
2025-11-10T12:50:45.000Z,-31.25
2025-11-10T12:51:00.000Z,-30.79
2025-11-10T12:51:15.000Z,-24.76
2025-11-10T12:51:30.000Z,-23.51
2025-11-10T12:51:45.000Z,-21.51
2025-11-10T12:52:00.000Z,-18.41
2025-11-10T12:52:15.000Z,-18.83
2025-11-10T12:52:30.000Z,-17.47
2025-11-10T12:52:45.000Z,-19.37
2025-11-10T12:53:00.000Z,-18.66
2025-11-10T12:53:15.000Z,-19.66
2025-11-10T12:53:30.000Z,-19.27
2025-11-10T12:53:45.000Z,-18.06
2025-11-10T12:54:00.000Z,-19.03
2025-11-10T12:54:15.000Z,-28.04
2025-11-10T12:54:30.000Z,-23.22
2025-11-10T12:54:45.000Z,-23.05
2025-11-10T12:55:00.000Z,-23.2
2025-11-10T12:55:15.000Z,-24.46
2025-11-10T12:55:30.000Z,-23.15
2025-11-10T12:55:45.000Z,-23.16
2025-11-10T12:56:00.000Z,-24.14
2025-11-10T12:56:15.000Z,-25.06
2025-11-10T12:56:30.000Z,-23.59
2025-11-10T12:56:45.000Z,-24.9
2025-11-10T12:57:00.000Z,-23.63
2025-11-10T12:57:15.000Z,-24.31
2025-11-10T12:57:30.000Z,-20.24
2025-11-10T12:57:45.000Z,-22.9
2025-11-10T12:58:00.000Z,-24.09
2025-11-10T12:58:15.000Z,-25.36
2025-11-10T12:58:30.000Z,-31.4
2025-11-10T12:58:45.000Z,-30.01
2025-11-10T12:59:00.000Z,-23.21
2025-11-10T12:59:15.000Z,-24.25
2025-11-10T12:59:30.000Z,-23.08
2025-11-10T12:59:45.000Z,-22.91
2025-11-10T13:00:00.000Z,-20.74
2025-11-10T13:00:15.000Z,-21.13
2025-11-10T13:00:30.000Z,-22.84
2025-11-10T13:00:45.000Z,-23.72
2025-11-10T13:01:00.000Z,-23.05
2025-11-10T13:01:15.000Z,-23.73
2025-11-10T13:01:30.000Z,-21.56
2025-11-10T13:01:45.000Z,-21.9
2025-11-10T13:02:00.000Z,-21.19
2025-11-10T13:02:15.000Z,-19.31
2025-11-10T13:02:30.000Z,-20.9
2025-11-10T13:02:45.000Z,-22.05
2025-11-10T13:03:00.000Z,-23.35
2025-11-10T13:03:15.000Z,-29.63
2025-11-10T13:03:30.000Z,-31.18
2025-11-10T13:03:45.000Z,-28.6
2025-11-10T13:04:00.000Z,-19.96
2025-11-10T13:04:15.000Z,-19.99
2025-11-10T13:04:30.000Z,-19.47
2025-11-10T13:04:45.000Z,-19.31
2025-11-10T13:05:00.000Z,-20.74
2025-11-10T13:05:15.000Z,-19.52
2025-11-10T13:05:30.000Z,-19.02
2025-11-10T13:05:45.000Z,-19.78
2025-11-10T13:06:00.000Z,-21.29
2025-11-10T13:06:15.000Z,-21.33
2025-11-10T13:06:30.000Z,-20.37
2025-11-10T13:06:45.000Z,-19.15
2025-11-10T13:07:00.000Z,-20.09
2025-11-10T13:07:15.000Z,-19.68
2025-11-10T13:07:30.000Z,-19.38
2025-11-10T13:07:45.000Z,-20.41
2025-11-10T13:08:00.000Z,-26.88
2025-11-10T13:08:15.000Z,-27.78
2025-11-10T13:08:30.000Z,-24.38
2025-11-10T13:08:45.000Z,-24.19
2025-11-10T13:09:00.000Z,-20.88
2025-11-10T13:09:15.000Z,-21.02
2025-11-10T13:09:30.000Z,-19.82
2025-11-10T13:09:45.000Z,-17.64
2025-11-10T13:10:00.000Z,-16.23
2025-11-10T13:10:15.000Z,-19.28
2025-11-10T13:10:30.000Z,-18.99
2025-11-10T13:10:45.000Z,-19.18
2025-11-10T13:11:00.000Z,-19.55
2025-11-10T13:11:15.000Z,-20.15
2025-11-10T13:11:30.000Z,-26.31
2025-11-10T13:11:45.000Z,-19.28
2025-11-10T13:12:00.000Z,-18.59
2025-11-10T13:12:15.000Z,-19.9
2025-11-10T13:12:30.000Z,-21.56
2025-11-10T13:12:45.000Z,-24.55
2025-11-10T13:13:00.000Z,-28.09
2025-11-10T13:13:15.000Z,-26.03
2025-11-10T13:13:30.000Z,-21.46
2025-11-10T13:13:45.000Z,-22.37
2025-11-10T13:14:00.000Z,-24.8
2025-11-10T13:14:15.000Z,-23.04
2025-11-10T13:14:30.000Z,-20.81
2025-11-10T13:14:45.000Z,-22.4
2025-11-10T13:15:00.000Z,-23.89
2025-11-10T13:15:15.000Z,-23.57
2025-11-10T13:15:30.000Z,-21.06
2025-11-10T13:15:45.000Z,-21.63
2025-11-10T13:16:00.000Z,-29.62
2025-11-10T13:16:15.000Z,-21.24
2025-11-10T13:16:30.000Z,-19.92
2025-11-10T13:16:45.000Z,-22.08
2025-11-10T13:17:00.000Z,-23.88
2025-11-10T13:17:15.000Z,-27.2
2025-11-10T13:17:30.000Z,-22.12
2025-11-10T13:17:45.000Z,-19.14
2025-11-10T13:18:00.000Z,-17.12
2025-11-10T13:18:15.000Z,-18.37
2025-11-10T13:18:30.000Z,-22.69
2025-11-10T13:18:45.000Z,-18.35
2025-11-10T13:19:00.000Z,-17.58
2025-11-10T13:19:15.000Z,-17.49
2025-11-10T13:19:30.000Z,-22.27
2025-11-10T13:19:45.000Z,-22.37
2025-11-10T13:20:00.000Z,-16.49
2025-11-10T13:20:15.000Z,-20.72
2025-11-10T13:20:30.000Z,-28.69
2025-11-10T13:20:45.000Z,-19.3
2025-11-10T13:21:00.000Z,-17.79
2025-11-10T13:21:15.000Z,-19.79
2025-11-10T13:21:30.000Z,-19.91
2025-11-10T13:21:45.000Z,-21.32
2025-11-10T13:22:00.000Z,-21.22
2025-11-10T13:22:15.000Z,-19.74
2025-11-10T13:22:30.000Z,-20.43
2025-11-10T13:22:45.000Z,-19.81
2025-11-10T13:23:00.000Z,-16.27
2025-11-10T13:23:15.000Z,-20.09
2025-11-10T13:23:30.000Z,-20.04
2025-11-10T13:23:45.000Z,-18.2
2025-11-10T13:24:00.000Z,-21.05
2025-11-10T13:24:15.000Z,-16.91
2025-11-10T13:24:30.000Z,-14.96
2025-11-10T13:24:45.000Z,-11.98
2025-11-10T13:25:00.000Z,-11.78
2025-11-10T13:25:15.000Z,-12.04
2025-11-10T13:25:30.000Z,-10.32
2025-11-10T13:25:45.000Z,-12.2
2025-11-10T13:26:00.000Z,-13.77
2025-11-10T13:26:15.000Z,-12.84
2025-11-10T13:26:30.000Z,-11.88
2025-11-10T13:26:45.000Z,-13.3
2025-11-10T13:27:00.000Z,-12.46
2025-11-10T13:27:15.000Z,-15.14
2025-11-10T13:27:30.000Z,-19.59
2025-11-10T13:27:45.000Z,-11.68
2025-11-10T13:28:00.000Z,-11.99
2025-11-10T13:28:15.000Z,-11.78
2025-11-10T13:28:30.000Z,-12.2
2025-11-10T13:28:45.000Z,-15.09
2025-11-10T13:29:00.000Z,-13.76
2025-11-10T13:29:15.000Z,-15.99
2025-11-10T13:29:30.000Z,-21.73
2025-11-10T13:29:45.000Z,-32.74
2025-11-10T13:30:00.000Z,-26.71
2025-11-10T13:30:15.000Z,-44.56
2025-11-10T13:30:30.000Z,-49.81
2025-11-10T13:30:45.000Z,-64.83
2025-11-10T13:31:00.000Z,-64.14
2025-11-10T13:31:15.000Z,-56.13
2025-11-10T13:31:30.000Z,-49.11
2025-11-10T13:31:45.000Z,-50.63
2025-11-10T13:32:00.000Z,-59.66
2025-11-10T13:32:15.000Z,-65.94
2025-11-10T13:32:30.000Z,-51.92
2025-11-10T13:32:45.000Z,-46.75
2025-11-10T13:33:00.000Z,-44.05
2025-11-10T13:33:15.000Z,-44.57
2025-11-10T13:33:30.000Z,-41.51
2025-11-10T13:33:45.000Z,-40.97
2025-11-10T13:34:00.000Z,-42.32
2025-11-10T13:34:15.000Z,-42.3
2025-11-10T13:34:30.000Z,-43.1
2025-11-10T13:34:45.000Z,-40.63
2025-11-10T13:35:00.000Z,-42.49
2025-11-10T13:35:15.000Z,-43.18
2025-11-10T13:35:30.000Z,-43.35
2025-11-10T13:35:45.000Z,-40.56
2025-11-10T13:36:00.000Z,-36.73
2025-11-10T13:36:15.000Z,-38.0
2025-11-10T13:36:30.000Z,-38.45
2025-11-10T13:36:45.000Z,-37.99
2025-11-10T13:37:00.000Z,-42.82
2025-11-10T13:37:15.000Z,-43.59
2025-11-10T13:37:30.000Z,-43.16
2025-11-10T13:37:45.000Z,-36.59
2025-11-10T13:38:00.000Z,-44.15
2025-11-10T13:38:15.000Z,-43.4
2025-11-10T13:38:30.000Z,-45.03
2025-11-10T13:38:45.000Z,-43.18
2025-11-10T13:39:00.000Z,-41.63
2025-11-10T13:39:15.000Z,-43.89
2025-11-10T13:39:30.000Z,-43.74
2025-11-10T13:39:45.000Z,-42.68
2025-11-10T13:40:00.000Z,-42.49
2025-11-10T13:40:15.000Z,-42.66
2025-11-10T13:40:30.000Z,-42.87
2025-11-10T13:40:45.000Z,-42.33
2025-11-10T13:41:00.000Z,-45.42
2025-11-10T13:41:15.000Z,-45.97
2025-11-10T13:41:30.000Z,-44.82
2025-11-10T13:41:45.000Z,-44.9
2025-11-10T13:42:00.000Z,-43.47
2025-11-10T13:42:15.000Z,-42.26
2025-11-10T13:42:30.000Z,-42.56
2025-11-10T13:42:45.000Z,-43.97
2025-11-10T13:43:00.000Z,-43.8
2025-11-10T13:43:15.000Z,-43.48
2025-11-10T13:43:30.000Z,-43.3
2025-11-10T13:43:45.000Z,-42.6
2025-11-10T13:44:00.000Z,-38.74
2025-11-10T13:44:15.000Z,-39.83
2025-11-10T13:44:30.000Z,-39.8
2025-11-10T13:44:45.000Z,-42.71
2025-11-10T13:45:00.000Z,-42.01
2025-11-10T13:45:15.000Z,-42.71
2025-11-10T13:45:30.000Z,-43.02
2025-11-10T13:45:45.000Z,-42.82
2025-11-10T13:46:00.000Z,-44.05
2025-11-10T13:46:15.000Z,-40.95
2025-11-10T13:46:30.000Z,-37.86
2025-11-10T13:46:45.000Z,-41.52
2025-11-10T13:47:00.000Z,-41.97
2025-11-10T13:47:15.000Z,-41.95
2025-11-10T13:47:30.000Z,-44.53
2025-11-10T13:47:45.000Z,-43.75
2025-11-10T13:48:00.000Z,-43.87
2025-11-10T13:48:15.000Z,-41.75
2025-11-10T13:48:30.000Z,-44.78
2025-11-10T13:48:45.000Z,-39.62
2025-11-10T13:49:00.000Z,-39.28
2025-11-10T13:49:15.000Z,-40.0
2025-11-10T13:49:30.000Z,-44.12
2025-11-10T13:49:45.000Z,-42.91
2025-11-10T13:50:00.000Z,-44.63
2025-11-10T13:50:15.000Z,-44.77
2025-11-10T13:50:30.000Z,-44.1
2025-11-10T13:50:45.000Z,-43.45
2025-11-10T13:51:00.000Z,-44.59
2025-11-10T13:51:15.000Z,-44.78
2025-11-10T13:51:30.000Z,-43.98
2025-11-10T13:51:45.000Z,-39.88
2025-11-10T13:52:00.000Z,-43.29
2025-11-10T13:52:15.000Z,-44.9
2025-11-10T13:52:30.000Z,-44.61
2025-11-10T13:52:45.000Z,-42.13
2025-11-10T13:53:00.000Z,-44.07
2025-11-10T13:53:15.000Z,-44.17
2025-11-10T13:53:30.000Z,-41.8
2025-11-10T13:53:45.000Z,-42.74
2025-11-10T13:54:00.000Z,-44.08
2025-11-10T13:54:15.000Z,-43.77
2025-11-10T13:54:30.000Z,-42.18
2025-11-10T13:54:45.000Z,-40.0
2025-11-10T13:55:00.000Z,-44.27
2025-11-10T13:55:15.000Z,-44.04
2025-11-10T13:55:30.000Z,-43.9
2025-11-10T13:55:45.000Z,-42.33
2025-11-10T13:56:00.000Z,-44.33
2025-11-10T13:56:15.000Z,-45.11
2025-11-10T13:56:30.000Z,-44.51
2025-11-10T13:56:45.000Z,-44.53
2025-11-10T13:57:00.000Z,-45.11
2025-11-10T13:57:15.000Z,-45.45
2025-11-10T13:57:30.000Z,-45.78
2025-11-10T13:57:45.000Z,-45.3
2025-11-10T13:58:00.000Z,-45.18
2025-11-10T13:58:15.000Z,-45.06
2025-11-10T13:58:30.000Z,-44.04
2025-11-10T13:58:45.000Z,-43.92
2025-11-10T13:59:00.000Z,-44.61
2025-11-10T13:59:15.000Z,-45.23
2025-11-10T13:59:30.000Z,-44.45
2025-11-10T13:59:45.000Z,-44.86
2025-11-10T14:00:00.000Z,-45.21
2025-11-10T14:00:15.000Z,-45.78
2025-11-10T14:00:30.000Z,-45.63
2025-11-10T14:00:45.000Z,-45.2
2025-11-10T14:01:00.000Z,-45.45
2025-11-10T14:01:15.000Z,-44.45
2025-11-10T14:01:30.000Z,-44.03
2025-11-10T14:01:45.000Z,-43.98
2025-11-10T14:02:00.000Z,-44.19
2025-11-10T14:02:15.000Z,-44.97
2025-11-10T14:02:30.000Z,-44.7
2025-11-10T14:02:45.000Z,-45.1
2025-11-10T14:03:00.000Z,-45.0
2025-11-10T14:03:15.000Z,-44.14
2025-11-10T14:03:30.000Z,-44.25
2025-11-10T14:03:45.000Z,-44.88
2025-11-10T14:04:00.000Z,-44.32
2025-11-10T14:04:15.000Z,-43.58
2025-11-10T14:04:30.000Z,-41.88
2025-11-10T14:04:45.000Z,-42.07
2025-11-10T14:05:00.000Z,-42.47
2025-11-10T14:05:15.000Z,-41.89
2025-11-10T14:05:30.000Z,-41.93
2025-11-10T14:05:45.000Z,-44.6
2025-11-10T14:06:00.000Z,-44.7
2025-11-10T14:06:15.000Z,-43.8
2025-11-10T14:06:30.000Z,-44.05
2025-11-10T14:06:45.000Z,-45.93
2025-11-10T14:07:00.000Z,-45.98
2025-11-10T14:07:15.000Z,-44.39
2025-11-10T14:07:30.000Z,-44.35
2025-11-10T14:07:45.000Z,-43.55
2025-11-10T14:08:00.000Z,-43.83
2025-11-10T14:08:15.000Z,-42.58
2025-11-10T14:08:30.000Z,-43.66
2025-11-10T14:08:45.000Z,-43.32
2025-11-10T14:09:00.000Z,-43.57
2025-11-10T14:09:15.000Z,-44.07
2025-11-10T14:09:30.000Z,-44.46
2025-11-10T14:09:45.000Z,-45.12
2025-11-10T14:10:00.000Z,-44.3
2025-11-10T14:10:15.000Z,-43.92
2025-11-10T14:10:30.000Z,-44.92
2025-11-10T14:10:45.000Z,-45.08
2025-11-10T14:11:00.000Z,-45.74
2025-11-10T14:11:15.000Z,-45.49
2025-11-10T14:11:30.000Z,-44.46
2025-11-10T14:11:45.000Z,-43.78
2025-11-10T14:12:00.000Z,-43.93
2025-11-10T14:12:15.000Z,-43.03
2025-11-10T14:12:30.000Z,-37.72
2025-11-10T14:12:45.000Z,-39.99
2025-11-10T14:13:00.000Z,-42.75
2025-11-10T14:13:15.000Z,-44.17
2025-11-10T14:13:30.000Z,-43.26
2025-11-10T14:13:45.000Z,-42.96
2025-11-10T14:14:00.000Z,-44.61
2025-11-10T14:14:15.000Z,-43.32
2025-11-10T14:14:30.000Z,-44.39
2025-11-10T14:14:45.000Z,-45.09
2025-11-10T14:15:00.000Z,-43.86
2025-11-10T14:15:15.000Z,-43.4
2025-11-10T14:15:30.000Z,-43.79
2025-11-10T14:15:45.000Z,-44.55
2025-11-10T14:16:00.000Z,-44.37
2025-11-10T14:16:15.000Z,-45.11
2025-11-10T14:16:30.000Z,-45.76
2025-11-10T14:16:45.000Z,-44.15
2025-11-10T14:17:00.000Z,-44.48
2025-11-10T14:17:15.000Z,-45.66
2025-11-10T14:17:30.000Z,-46.04
2025-11-10T14:17:45.000Z,-45.81
2025-11-10T14:18:00.000Z,-45.34
2025-11-10T14:18:15.000Z,-45.44
2025-11-10T14:18:30.000Z,-43.81
2025-11-10T14:18:45.000Z,-44.36
2025-11-10T14:19:00.000Z,-44.72
2025-11-10T14:19:15.000Z,-45.04
2025-11-10T14:19:30.000Z,-46.45
2025-11-10T14:19:45.000Z,-45.58
2025-11-10T14:20:00.000Z,-43.92
2025-11-10T14:20:15.000Z,-43.77
2025-11-10T14:20:30.000Z,-43.9
2025-11-10T14:20:45.000Z,-45.28
2025-11-10T14:21:00.000Z,-44.76
2025-11-10T14:21:15.000Z,-43.67
2025-11-10T14:21:30.000Z,-43.66
2025-11-10T14:21:45.000Z,-44.52
2025-11-10T14:22:00.000Z,-44.4
2025-11-10T14:22:15.000Z,-46.18
2025-11-10T14:22:30.000Z,-45.53
2025-11-10T14:22:45.000Z,-44.98
2025-11-10T14:23:00.000Z,-42.89
2025-11-10T14:23:15.000Z,-42.75
2025-11-10T14:23:30.000Z,-44.37
2025-11-10T14:23:45.000Z,-45.0
2025-11-10T14:24:00.000Z,-44.74
2025-11-10T14:24:15.000Z,-43.59
2025-11-10T14:24:30.000Z,-42.58
2025-11-10T14:24:45.000Z,-44.3
2025-11-10T14:25:00.000Z,-45.9
2025-11-10T14:25:15.000Z,-45.04
2025-11-10T14:25:30.000Z,-45.63
2025-11-10T14:25:45.000Z,-45.03
2025-11-10T14:26:00.000Z,-41.73
2025-11-10T14:26:15.000Z,-41.97
2025-11-10T14:26:30.000Z,-43.34
2025-11-10T14:26:45.000Z,-42.9
2025-11-10T14:27:00.000Z,-42.94
2025-11-10T14:27:15.000Z,-43.63
2025-11-10T14:27:30.000Z,-43.3
2025-11-10T14:27:45.000Z,-43.94
2025-11-10T14:28:00.000Z,-44.73
2025-11-10T14:28:15.000Z,-42.83
2025-11-10T14:28:30.000Z,-43.97
2025-11-10T14:28:45.000Z,-44.68
2025-11-10T14:29:00.000Z,-44.71
2025-11-10T14:29:15.000Z,-44.08
2025-11-10T14:29:30.000Z,-43.89
2025-11-10T14:29:45.000Z,-45.0
2025-11-10T14:30:00.000Z,-44.76
2025-11-10T14:30:15.000Z,-45.23
2025-11-10T14:30:30.000Z,-44.48
2025-11-10T14:30:45.000Z,-41.47
2025-11-10T14:31:00.000Z,-35.85
2025-11-10T14:31:15.000Z,-30.35
2025-11-10T14:31:30.000Z,-30.46
2025-11-10T14:31:45.000Z,-30.17
2025-11-10T14:32:00.000Z,-30.5
2025-11-10T14:32:15.000Z,-30.39
2025-11-10T14:32:30.000Z,-25.77
2025-11-10T14:32:45.000Z,-29.13
2025-11-10T14:33:00.000Z,-39.74
2025-11-10T14:33:15.000Z,-41.2
2025-11-10T14:33:30.000Z,-42.01
2025-11-10T14:33:45.000Z,-40.3
2025-11-10T14:34:00.000Z,-40.71
2025-11-10T14:34:15.000Z,-39.6
2025-11-10T14:34:30.000Z,-40.11
2025-11-10T14:34:45.000Z,-51.83
2025-11-10T14:35:00.000Z,-68.71
2025-11-10T14:35:15.000Z,-65.48
2025-11-10T14:35:30.000Z,-60.81
2025-11-10T14:35:45.000Z,-58.92
2025-11-10T14:36:00.000Z,-52.65
2025-11-10T14:36:15.000Z,-62.94
2025-11-10T14:36:30.000Z,-63.8
2025-11-10T14:36:45.000Z,-60.45
2025-11-10T14:37:00.000Z,-62.68
2025-11-10T14:37:15.000Z,-62.78
2025-11-10T14:37:30.000Z,-61.76
2025-11-10T14:37:45.000Z,-63.89
2025-11-10T14:38:00.000Z,-62.53
2025-11-10T14:38:15.000Z,-64.9
2025-11-10T14:38:30.000Z,-60.57
2025-11-10T14:38:45.000Z,-59.0
2025-11-10T14:39:00.000Z,-62.29
2025-11-10T14:39:15.000Z,-62.87
2025-11-10T14:39:30.000Z,-66.46
2025-11-10T14:39:45.000Z,-67.38
2025-11-10T14:40:00.000Z,-66.56
2025-11-10T14:40:15.000Z,-64.67
2025-11-10T14:40:30.000Z,-63.21
2025-11-10T14:40:45.000Z,-62.21
2025-11-10T14:41:00.000Z,-56.16
2025-11-10T14:41:15.000Z,-59.15
2025-11-10T14:41:30.000Z,-59.21
2025-11-10T14:41:45.000Z,-60.35
2025-11-10T14:42:00.000Z,-63.47
2025-11-10T14:42:15.000Z,-53.74
2025-11-10T14:42:30.000Z,-41.77
2025-11-10T14:42:45.000Z,-40.63
2025-11-10T14:43:00.000Z,-31.11
2025-11-10T14:43:15.000Z,-34.85
2025-11-10T14:43:30.000Z,-38.69
2025-11-10T14:43:45.000Z,-44.56
2025-11-10T14:44:00.000Z,-53.61
2025-11-10T14:44:15.000Z,-51.32
2025-11-10T14:44:30.000Z,-52.03
2025-11-10T14:44:45.000Z,-53.51
2025-11-10T14:45:00.000Z,-54.11
2025-11-10T14:45:15.000Z,-54.44
2025-11-10T14:45:30.000Z,-53.97
2025-11-10T14:45:45.000Z,-52.45
2025-11-10T14:46:00.000Z,-53.38
2025-11-10T14:46:15.000Z,-54.13
2025-11-10T14:46:30.000Z,-54.99
2025-11-10T14:46:45.000Z,-54.74
2025-11-10T14:47:00.000Z,-53.45
2025-11-10T14:47:15.000Z,-50.36
2025-11-10T14:47:30.000Z,-52.35
2025-11-10T14:47:45.000Z,-53.77
2025-11-10T14:48:00.000Z,-54.6
2025-11-10T14:48:15.000Z,-53.79
2025-11-10T14:48:30.000Z,-54.19
2025-11-10T14:48:45.000Z,-54.54
2025-11-10T14:49:00.000Z,-53.73
2025-11-10T14:49:15.000Z,-52.62
2025-11-10T14:49:30.000Z,-53.86
2025-11-10T14:49:45.000Z,-53.16
2025-11-10T14:50:00.000Z,-54.35
2025-11-10T14:50:15.000Z,-55.1
2025-11-10T14:50:30.000Z,-55.39
2025-11-10T14:50:45.000Z,-54.19
2025-11-10T14:51:00.000Z,-54.34
2025-11-10T14:51:15.000Z,-55.08
2025-11-10T14:51:30.000Z,-54.93
2025-11-10T14:51:45.000Z,-54.01
2025-11-10T14:52:00.000Z,-53.46
2025-11-10T14:52:15.000Z,-53.63
2025-11-10T14:52:30.000Z,-50.18
2025-11-10T14:52:45.000Z,-53.99
2025-11-10T14:53:00.000Z,-53.75
2025-11-10T14:53:15.000Z,-55.18
2025-11-10T14:53:30.000Z,-54.85
2025-11-10T14:53:45.000Z,-54.54
2025-11-10T14:54:00.000Z,-54.41
2025-11-10T14:54:15.000Z,-53.48
2025-11-10T14:54:30.000Z,-54.0
2025-11-10T14:54:45.000Z,-53.11
2025-11-10T14:55:00.000Z,-44.09
2025-11-10T14:55:15.000Z,-42.41
2025-11-10T14:55:30.000Z,-46.66
2025-11-10T14:55:45.000Z,-50.53
2025-11-10T14:56:00.000Z,-49.97
2025-11-10T14:56:15.000Z,-53.19
2025-11-10T14:56:30.000Z,-52.76
2025-11-10T14:56:45.000Z,-53.15
2025-11-10T14:57:00.000Z,-52.94
2025-11-10T14:57:15.000Z,-52.82
2025-11-10T14:57:30.000Z,-52.73
2025-11-10T14:57:45.000Z,-52.45
2025-11-10T14:58:00.000Z,-52.0
2025-11-10T14:58:15.000Z,-52.03
2025-11-10T14:58:30.000Z,-52.23
2025-11-10T14:58:45.000Z,-52.05
2025-11-10T14:59:00.000Z,-49.99
2025-11-10T14:59:15.000Z,-52.23
2025-11-10T14:59:30.000Z,-52.32
2025-11-10T14:59:45.000Z,-51.43
2025-11-10T15:00:00.000Z,-51.81
2025-11-10T15:00:15.000Z,-52.71
2025-11-10T15:00:30.000Z,-52.9
2025-11-10T15:00:45.000Z,-52.55
2025-11-10T15:01:00.000Z,-51.97
2025-11-10T15:01:15.000Z,-52.61
2025-11-10T15:01:30.000Z,-51.94
2025-11-10T15:01:45.000Z,-52.37
2025-11-10T15:02:00.000Z,-52.56
2025-11-10T15:02:15.000Z,-50.33
2025-11-10T15:02:30.000Z,-51.53
2025-11-10T15:02:45.000Z,-51.76
2025-11-10T15:03:00.000Z,-52.41
2025-11-10T15:03:15.000Z,-51.69
2025-11-10T15:03:30.000Z,-50.51
2025-11-10T15:03:45.000Z,-51.79
2025-11-10T15:04:00.000Z,-50.76
2025-11-10T15:04:15.000Z,-47.02
2025-11-10T15:04:30.000Z,-51.84
2025-11-10T15:04:45.000Z,-51.24
2025-11-10T15:05:00.000Z,-51.58
2025-11-10T15:05:15.000Z,-52.28
2025-11-10T15:05:30.000Z,-52.18
2025-11-10T15:05:45.000Z,-49.18
2025-11-10T15:06:00.000Z,-50.96
2025-11-10T15:06:15.000Z,-51.8
2025-11-10T15:06:30.000Z,-52.55
2025-11-10T15:06:45.000Z,-51.1
2025-11-10T15:07:00.000Z,-51.58
2025-11-10T15:07:15.000Z,-52.59
2025-11-10T15:07:30.000Z,-52.41
2025-11-10T15:07:45.000Z,-52.39
2025-11-10T15:08:00.000Z,-52.14
2025-11-10T15:08:15.000Z,-51.25
2025-11-10T15:08:30.000Z,-51.6
2025-11-10T15:08:45.000Z,-51.84
2025-11-10T15:09:00.000Z,-52.22
2025-11-10T15:09:15.000Z,-51.35
2025-11-10T15:09:30.000Z,-51.04
2025-11-10T15:09:45.000Z,-51.65
2025-11-10T15:10:00.000Z,-52.84
2025-11-10T15:10:15.000Z,-51.01
2025-11-10T15:10:30.000Z,-51.75
2025-11-10T15:10:45.000Z,-51.98
2025-11-10T15:11:00.000Z,-51.43
2025-11-10T15:11:15.000Z,-51.27
2025-11-10T15:11:30.000Z,-51.96
2025-11-10T15:11:45.000Z,-52.06
2025-11-10T15:12:00.000Z,-51.75
2025-11-10T15:12:15.000Z,-51.97
2025-11-10T15:12:30.000Z,-52.34
2025-11-10T15:12:45.000Z,-51.69
2025-11-10T15:13:00.000Z,-51.76
2025-11-10T15:13:15.000Z,-52.13
2025-11-10T15:13:30.000Z,-52.17
2025-11-10T15:13:45.000Z,-53.11
2025-11-10T15:14:00.000Z,-53.23
2025-11-10T15:14:15.000Z,-52.28
2025-11-10T15:14:30.000Z,-53.4
2025-11-10T15:14:45.000Z,-53.85
2025-11-10T15:15:00.000Z,-52.5
2025-11-10T15:15:15.000Z,-52.02
2025-11-10T15:15:30.000Z,-53.02
2025-11-10T15:15:45.000Z,-53.69
2025-11-10T15:16:00.000Z,-53.25
2025-11-10T15:16:15.000Z,-53.11
2025-11-10T15:16:30.000Z,-49.39
2025-11-10T15:16:45.000Z,-47.24
2025-11-10T15:17:00.000Z,-50.47
2025-11-10T15:17:15.000Z,-53.77
2025-11-10T15:17:30.000Z,-52.89
2025-11-10T15:17:45.000Z,-54.2
2025-11-10T15:18:00.000Z,-53.62
2025-11-10T15:18:15.000Z,-54.75
2025-11-10T15:18:30.000Z,-54.18
2025-11-10T15:18:45.000Z,-54.12
2025-11-10T15:19:00.000Z,-54.23
2025-11-10T15:19:15.000Z,-54.24
2025-11-10T15:19:30.000Z,-53.21
2025-11-10T15:19:45.000Z,-51.55
2025-11-10T15:20:00.000Z,-49.6
2025-11-10T15:20:15.000Z,-53.67
2025-11-10T15:20:30.000Z,-53.69
2025-11-10T15:20:45.000Z,-52.89
2025-11-10T15:21:00.000Z,-52.7
2025-11-10T15:21:15.000Z,-53.26
2025-11-10T15:21:30.000Z,-53.38
2025-11-10T15:21:45.000Z,-52.49
2025-11-10T15:22:00.000Z,-53.24
2025-11-10T15:22:15.000Z,-53.01
2025-11-10T15:22:30.000Z,-53.82
2025-11-10T15:22:45.000Z,-53.34
2025-11-10T15:23:00.000Z,-53.89
2025-11-10T15:23:15.000Z,-52.95
2025-11-10T15:23:30.000Z,-51.3
2025-11-10T15:23:45.000Z,-51.83
2025-11-10T15:24:00.000Z,-50.11
2025-11-10T15:24:15.000Z,-51.44
2025-11-10T15:24:30.000Z,-51.79
2025-11-10T15:24:45.000Z,-52.42
2025-11-10T15:25:00.000Z,-52.55
2025-11-10T15:25:15.000Z,-49.74
2025-11-10T15:25:30.000Z,-51.94
2025-11-10T15:25:45.000Z,-52.55
2025-11-10T15:26:00.000Z,-46.78
2025-11-10T15:26:15.000Z,-46.23
2025-11-10T15:26:30.000Z,-48.23
2025-11-10T15:26:45.000Z,-51.42
2025-11-10T15:27:00.000Z,-50.89
2025-11-10T15:27:15.000Z,-51.7
2025-11-10T15:27:30.000Z,-50.63
2025-11-10T15:27:45.000Z,-50.76
2025-11-10T15:28:00.000Z,-52.19
2025-11-10T15:28:15.000Z,-52.93
2025-11-10T15:28:30.000Z,-51.83
2025-11-10T15:28:45.000Z,-52.18
2025-11-10T15:29:00.000Z,-52.55
2025-11-10T15:29:15.000Z,-52.89
2025-11-10T15:29:30.000Z,-53.59
2025-11-10T15:29:45.000Z,-52.23
2025-11-10T15:30:00.000Z,-53.02
2025-11-10T15:30:15.000Z,-53.2
2025-11-10T15:30:30.000Z,-52.72
2025-11-10T15:30:45.000Z,-52.06
2025-11-10T15:31:00.000Z,-53.11
2025-11-10T15:31:15.000Z,-52.76
2025-11-10T15:31:30.000Z,-51.01
2025-11-10T15:31:45.000Z,-52.26
2025-11-10T15:32:00.000Z,-52.45
2025-11-10T15:32:15.000Z,-52.8
2025-11-10T15:32:30.000Z,-51.9
2025-11-10T15:32:45.000Z,-50.86
2025-11-10T15:33:00.000Z,-52.44
2025-11-10T15:33:15.000Z,-52.44
2025-11-10T15:33:30.000Z,-52.25
2025-11-10T15:33:45.000Z,-53.06
2025-11-10T15:34:00.000Z,-52.47
2025-11-10T15:34:15.000Z,-50.83
2025-11-10T15:34:30.000Z,-51.88
2025-11-10T15:34:45.000Z,-53.26
2025-11-10T15:35:00.000Z,-52.16
2025-11-10T15:35:15.000Z,-53.85
2025-11-10T15:35:30.000Z,-53.3
2025-11-10T15:35:45.000Z,-51.58
2025-11-10T15:36:00.000Z,-51.94
2025-11-10T15:36:15.000Z,-52.53
2025-11-10T15:36:30.000Z,-51.14
2025-11-10T15:36:45.000Z,-51.93
2025-11-10T15:37:00.000Z,-51.09
2025-11-10T15:37:15.000Z,-42.88
2025-11-10T15:37:30.000Z,-46.16
2025-11-10T15:37:45.000Z,-50.62
2025-11-10T15:38:00.000Z,-51.18
2025-11-10T15:38:15.000Z,-52.07
2025-11-10T15:38:30.000Z,-51.76
2025-11-10T15:38:45.000Z,-52.57
2025-11-10T15:39:00.000Z,-49.97
2025-11-10T15:39:15.000Z,-51.7
2025-11-10T15:39:30.000Z,-51.13
2025-11-10T15:39:45.000Z,-50.16
2025-11-10T15:40:00.000Z,-48.68
2025-11-10T15:40:15.000Z,-48.77
2025-11-10T15:40:30.000Z,-48.21
2025-11-10T15:40:45.000Z,-48.16
2025-11-10T15:41:00.000Z,-50.37
2025-11-10T15:41:15.000Z,-51.87
2025-11-10T15:41:30.000Z,-51.92
2025-11-10T15:41:45.000Z,-50.71
2025-11-10T15:42:00.000Z,-53.0
2025-11-10T15:42:15.000Z,-51.34
2025-11-10T15:42:30.000Z,-52.08
2025-11-10T15:42:45.000Z,-52.54
2025-11-10T15:43:00.000Z,-49.94
2025-11-10T15:43:15.000Z,-49.52
2025-11-10T15:43:30.000Z,-47.84
2025-11-10T15:43:45.000Z,-45.02
2025-11-10T15:44:00.000Z,-49.91
2025-11-10T15:44:15.000Z,-51.55
2025-11-10T15:44:30.000Z,-50.49
2025-11-10T15:44:45.000Z,-51.2
2025-11-10T15:45:00.000Z,-49.0
2025-11-10T15:45:15.000Z,-49.76
2025-11-10T15:45:30.000Z,-38.47
2025-11-10T15:45:45.000Z,-48.11
2025-11-10T15:46:00.000Z,-51.55
2025-11-10T15:46:15.000Z,-52.02
2025-11-10T15:46:30.000Z,-52.36
2025-11-10T15:46:45.000Z,-51.85
2025-11-10T15:47:00.000Z,-52.82
2025-11-10T15:47:15.000Z,-52.96
2025-11-10T15:47:30.000Z,-54.07
2025-11-10T15:47:45.000Z,-53.53
2025-11-10T15:48:00.000Z,-54.23
2025-11-10T15:48:15.000Z,-53.7
2025-11-10T15:48:30.000Z,-53.53
2025-11-10T15:48:45.000Z,-52.1
2025-11-10T15:49:00.000Z,-53.63
2025-11-10T15:49:15.000Z,-53.59
2025-11-10T15:49:30.000Z,-49.57
2025-11-10T15:49:45.000Z,-48.78
2025-11-10T15:50:00.000Z,-50.53
2025-11-10T15:50:15.000Z,-51.74
2025-11-10T15:50:30.000Z,-52.6
2025-11-10T15:50:45.000Z,-51.62
2025-11-10T15:51:00.000Z,-42.97
2025-11-10T15:51:15.000Z,-52.45
2025-11-10T15:51:30.000Z,-49.49
2025-11-10T15:51:45.000Z,-44.06
2025-11-10T15:52:00.000Z,-48.13
2025-11-10T15:52:15.000Z,-39.75
2025-11-10T15:52:30.000Z,-53.05
2025-11-10T15:52:45.000Z,-53.52
2025-11-10T15:53:00.000Z,-52.4
2025-11-10T15:53:15.000Z,-53.22
2025-11-10T15:53:30.000Z,-53.72
2025-11-10T15:53:45.000Z,-53.72
2025-11-10T15:54:00.000Z,-52.7
2025-11-10T15:54:15.000Z,-52.71
2025-11-10T15:54:30.000Z,-52.06
2025-11-10T15:54:45.000Z,-52.91
2025-11-10T15:55:00.000Z,-49.19
2025-11-10T15:55:15.000Z,-51.97
2025-11-10T15:55:30.000Z,-51.87
2025-11-10T15:55:45.000Z,-50.05
2025-11-10T15:56:00.000Z,-51.54
2025-11-10T15:56:15.000Z,-47.75
2025-11-10T15:56:30.000Z,-46.47
2025-11-10T15:56:45.000Z,-46.33
2025-11-10T15:57:00.000Z,-49.24
2025-11-10T15:57:15.000Z,-50.52
2025-11-10T15:57:30.000Z,-53.69
2025-11-10T15:57:45.000Z,-50.17
2025-11-10T15:58:00.000Z,-52.88
2025-11-10T15:58:15.000Z,-53.1
2025-11-10T15:58:30.000Z,-52.7
2025-11-10T15:58:45.000Z,-51.89
2025-11-10T15:59:00.000Z,-50.22
2025-11-10T15:59:15.000Z,-52.07
2025-11-10T15:59:30.000Z,-51.72
2025-11-10T15:59:45.000Z,-51.77
2025-11-10T16:00:00.000Z,-51.76
2025-11-10T16:00:15.000Z,-48.42
2025-11-10T16:00:30.000Z,-45.19
2025-11-10T16:00:45.000Z,-49.34
2025-11-10T16:01:00.000Z,-50.14
2025-11-10T16:01:15.000Z,-49.45
2025-11-10T16:01:30.000Z,-51.92
2025-11-10T16:01:45.000Z,-52.86
2025-11-10T16:02:00.000Z,-53.84
2025-11-10T16:02:15.000Z,-53.76
2025-11-10T16:02:30.000Z,-54.11
2025-11-10T16:02:45.000Z,-53.72
2025-11-10T16:03:00.000Z,-53.47
2025-11-10T16:03:15.000Z,-53.71
2025-11-10T16:03:30.000Z,-53.52
2025-11-10T16:03:45.000Z,-54.13
2025-11-10T16:04:00.000Z,-52.52
2025-11-10T16:04:15.000Z,-53.19
2025-11-10T16:04:30.000Z,-53.66
2025-11-10T16:04:45.000Z,-53.9
2025-11-10T16:05:00.000Z,-49.54
2025-11-10T16:05:15.000Z,-53.16
2025-11-10T16:05:30.000Z,-53.37
2025-11-10T16:05:45.000Z,-51.87
2025-11-10T16:06:00.000Z,-51.34
2025-11-10T16:06:15.000Z,-54.69
2025-11-10T16:06:30.000Z,-52.33
2025-11-10T16:06:45.000Z,-50.58
2025-11-10T16:07:00.000Z,-50.85
2025-11-10T16:07:15.000Z,-50.7
2025-11-10T16:07:30.000Z,-51.59
2025-11-10T16:07:45.000Z,-53.52
2025-11-10T16:08:00.000Z,-53.72
2025-11-10T16:08:15.000Z,-52.15
2025-11-10T16:08:30.000Z,-53.75
2025-11-10T16:08:45.000Z,-49.27
2025-11-10T16:09:00.000Z,-48.62
2025-11-10T16:09:15.000Z,-47.47
2025-11-10T16:09:30.000Z,-50.87
2025-11-10T16:09:45.000Z,-53.79
2025-11-10T16:10:00.000Z,-53.9
2025-11-10T16:10:15.000Z,-54.29
2025-11-10T16:10:30.000Z,-54.32
2025-11-10T16:10:45.000Z,-54.69
2025-11-10T16:11:00.000Z,-51.93
2025-11-10T16:11:15.000Z,-53.76
2025-11-10T16:11:30.000Z,-48.66
2025-11-10T16:11:45.000Z,-51.37
2025-11-10T16:12:00.000Z,-51.54
2025-11-10T16:12:15.000Z,-49.66
2025-11-10T16:12:30.000Z,-50.93
2025-11-10T16:12:45.000Z,-47.81
2025-11-10T16:13:00.000Z,-48.1
2025-11-10T16:13:15.000Z,-53.23
2025-11-10T16:13:30.000Z,-53.6
2025-11-10T16:13:45.000Z,-53.31
2025-11-10T16:14:00.000Z,-53.35
2025-11-10T16:14:15.000Z,-52.47
2025-11-10T16:14:30.000Z,-53.05
2025-11-10T16:14:45.000Z,-53.78
2025-11-10T16:15:00.000Z,-52.4
2025-11-10T16:15:15.000Z,-52.87
2025-11-10T16:15:30.000Z,-54.65
2025-11-10T16:15:45.000Z,-52.92
2025-11-10T16:16:00.000Z,-53.49
2025-11-10T16:16:15.000Z,-48.42
2025-11-10T16:16:30.000Z,-47.36
2025-11-10T16:16:45.000Z,-49.82
2025-11-10T16:17:00.000Z,-46.05
2025-11-10T16:17:15.000Z,-46.97
2025-11-10T16:17:30.000Z,-51.11
2025-11-10T16:17:45.000Z,-52.74
2025-11-10T16:18:00.000Z,-54.49
2025-11-10T16:18:15.000Z,-53.93
2025-11-10T16:18:30.000Z,-53.42
2025-11-10T16:18:45.000Z,-52.4
2025-11-10T16:19:00.000Z,-49.63
2025-11-10T16:19:15.000Z,-45.88
2025-11-10T16:19:30.000Z,-52.27
2025-11-10T16:19:45.000Z,-53.57
2025-11-10T16:20:00.000Z,-47.41
2025-11-10T16:20:15.000Z,-51.69
2025-11-10T16:20:30.000Z,-49.51
2025-11-10T16:20:45.000Z,-52.92
2025-11-10T16:21:00.000Z,-52.5
2025-11-10T16:21:15.000Z,-52.84
2025-11-10T16:21:30.000Z,-52.26
2025-11-10T16:21:45.000Z,-53.25
2025-11-10T16:22:00.000Z,-53.51
2025-11-10T16:22:15.000Z,-51.53
2025-11-10T16:22:30.000Z,-48.32
2025-11-10T16:22:45.000Z,-29.53
2025-11-10T16:23:00.000Z,-41.19
2025-11-10T16:23:15.000Z,-53.27
2025-11-10T16:23:30.000Z,-52.28
2025-11-10T16:23:45.000Z,-52.71
2025-11-10T16:24:00.000Z,-53.54
2025-11-10T16:24:15.000Z,-52.46
2025-11-10T16:24:30.000Z,-51.53
2025-11-10T16:24:45.000Z,-52.1
2025-11-10T16:25:00.000Z,-51.08
2025-11-10T16:25:15.000Z,-52.41
2025-11-10T16:25:30.000Z,-52.07
2025-11-10T16:25:45.000Z,-50.06
2025-11-10T16:26:00.000Z,-49.21
2025-11-10T16:26:15.000Z,-52.28
2025-11-10T16:26:30.000Z,-51.96
2025-11-10T16:26:45.000Z,-53.43
2025-11-10T16:27:00.000Z,-52.99
2025-11-10T16:27:15.000Z,-52.78
2025-11-10T16:27:30.000Z,-52.97
2025-11-10T16:27:45.000Z,-53.06
2025-11-10T16:28:00.000Z,-53.16
2025-11-10T16:28:15.000Z,-53.21
2025-11-10T16:28:30.000Z,-53.3
2025-11-10T16:28:45.000Z,-52.31
2025-11-10T16:29:00.000Z,-51.85
2025-11-10T16:29:15.000Z,-51.54
2025-11-10T16:29:30.000Z,-49.51
2025-11-10T16:29:45.000Z,-52.77
2025-11-10T16:30:00.000Z,-53.52
2025-11-10T16:30:15.000Z,-53.25
2025-11-10T16:30:30.000Z,-51.23
2025-11-10T16:30:45.000Z,-52.89
2025-11-10T16:31:00.000Z,-52.64
2025-11-10T16:31:15.000Z,-51.65
2025-11-10T16:31:30.000Z,-51.46
2025-11-10T16:31:45.000Z,-49.96
2025-11-10T16:32:00.000Z,-46.47
2025-11-10T16:32:15.000Z,-46.2
2025-11-10T16:32:30.000Z,-48.12
2025-11-10T16:32:45.000Z,-52.76
2025-11-10T16:33:00.000Z,-52.85
2025-11-10T16:33:15.000Z,-51.99
2025-11-10T16:33:30.000Z,-49.58
2025-11-10T16:33:45.000Z,-50.6
2025-11-10T16:34:00.000Z,-51.49
2025-11-10T16:34:15.000Z,-50.61
2025-11-10T16:34:30.000Z,-53.0
2025-11-10T16:34:45.000Z,-53.18
2025-11-10T16:35:00.000Z,-52.76
2025-11-10T16:35:15.000Z,-53.49
2025-11-10T16:35:30.000Z,-53.89
2025-11-10T16:35:45.000Z,-51.73
2025-11-10T16:36:00.000Z,-50.48
2025-11-10T16:36:15.000Z,-49.47
2025-11-10T16:36:30.000Z,-50.59
2025-11-10T16:36:45.000Z,-49.14
2025-11-10T16:37:00.000Z,-52.97
2025-11-10T16:37:15.000Z,-48.02
2025-11-10T16:37:30.000Z,-49.39
2025-11-10T16:37:45.000Z,-48.93
2025-11-10T16:38:00.000Z,-54.16
2025-11-10T16:38:15.000Z,-53.84
2025-11-10T16:38:30.000Z,-51.95
2025-11-10T16:38:45.000Z,-51.09
2025-11-10T16:39:00.000Z,-48.97
2025-11-10T16:39:15.000Z,-50.55
2025-11-10T16:39:30.000Z,-52.65
2025-11-10T16:39:45.000Z,-51.12
2025-11-10T16:40:00.000Z,-54.14
2025-11-10T16:40:15.000Z,-46.64
2025-11-10T16:40:30.000Z,-44.85
2025-11-10T16:40:45.000Z,-51.04
2025-11-10T16:41:00.000Z,-50.8
2025-11-10T16:41:15.000Z,-50.84
2025-11-10T16:41:30.000Z,-52.34
2025-11-10T16:41:45.000Z,-52.22
2025-11-10T16:42:00.000Z,-51.69
2025-11-10T16:42:15.000Z,-47.21
2025-11-10T16:42:30.000Z,-49.01
2025-11-10T16:42:45.000Z,-50.63
2025-11-10T16:43:00.000Z,-43.24
2025-11-10T16:43:15.000Z,-44.2
2025-11-10T16:43:30.000Z,-46.1
2025-11-10T16:43:45.000Z,-45.16
2025-11-10T16:44:00.000Z,-46.1
2025-11-10T16:44:15.000Z,-46.75
2025-11-10T16:44:30.000Z,-49.6
2025-11-10T16:44:45.000Z,-50.86
2025-11-10T16:45:00.000Z,-47.82
2025-11-10T16:45:15.000Z,-50.36
2025-11-10T16:45:30.000Z,-52.05
2025-11-10T16:45:45.000Z,-51.85
2025-11-10T16:46:00.000Z,-51.3
2025-11-10T16:46:15.000Z,-47.3
2025-11-10T16:46:30.000Z,-48.05
2025-11-10T16:46:45.000Z,-51.44
2025-11-10T16:47:00.000Z,-51.83
2025-11-10T16:47:15.000Z,-51.54
2025-11-10T16:47:30.000Z,-50.31
2025-11-10T16:47:45.000Z,-43.9
2025-11-10T16:48:00.000Z,-39.7
2025-11-10T16:48:15.000Z,-44.14
2025-11-10T16:48:30.000Z,-47.34
2025-11-10T16:48:45.000Z,-48.5
2025-11-10T16:49:00.000Z,-48.92
2025-11-10T16:49:15.000Z,-48.31
2025-11-10T16:49:30.000Z,-49.76
2025-11-10T16:49:45.000Z,-49.06
2025-11-10T16:50:00.000Z,-48.83
2025-11-10T16:50:15.000Z,-49.2
2025-11-10T16:50:30.000Z,-44.53
2025-11-10T16:50:45.000Z,-50.32
2025-11-10T16:51:00.000Z,-51.23
2025-11-10T16:51:15.000Z,-50.15
2025-11-10T16:51:30.000Z,-45.6
2025-11-10T16:51:45.000Z,-44.51
2025-11-10T16:52:00.000Z,-47.45
2025-11-10T16:52:15.000Z,-48.65
2025-11-10T16:52:30.000Z,-51.03
2025-11-10T16:52:45.000Z,-52.82
2025-11-10T16:53:00.000Z,-51.82
2025-11-10T16:53:15.000Z,-52.02
2025-11-10T16:53:30.000Z,-53.31
2025-11-10T16:53:45.000Z,-49.91
2025-11-10T16:54:00.000Z,-47.1
2025-11-10T16:54:15.000Z,-39.2
2025-11-10T16:54:30.000Z,-41.85
2025-11-10T16:54:45.000Z,-49.47
2025-11-10T16:55:00.000Z,-48.92
2025-11-10T16:55:15.000Z,-49.2
2025-11-10T16:55:30.000Z,-51.9
2025-11-10T16:55:45.000Z,-50.73
2025-11-10T16:56:00.000Z,-52.46
2025-11-10T16:56:15.000Z,-50.53
2025-11-10T16:56:30.000Z,-50.58
2025-11-10T16:56:45.000Z,-49.48
2025-11-10T16:57:00.000Z,-51.96
2025-11-10T16:57:15.000Z,-51.7
2025-11-10T16:57:30.000Z,-50.92
2025-11-10T16:57:45.000Z,-52.99
2025-11-10T16:58:00.000Z,-49.92
2025-11-10T16:58:15.000Z,-51.78
2025-11-10T16:58:30.000Z,-46.31
2025-11-10T16:58:45.000Z,-49.89
2025-11-10T16:59:00.000Z,-50.63
2025-11-10T16:59:15.000Z,-49.4
2025-11-10T16:59:30.000Z,-47.95
2025-11-10T16:59:45.000Z,-47.43
2025-11-10T17:00:00.000Z,-45.63
2025-11-10T17:00:15.000Z,-46.97
2025-11-10T17:00:30.000Z,-47.5
2025-11-10T17:00:45.000Z,-46.92
2025-11-10T17:01:00.000Z,-46.09
2025-11-10T17:01:15.000Z,-46.84
2025-11-10T17:01:30.000Z,-44.14
2025-11-10T17:01:45.000Z,-48.05
2025-11-10T17:02:00.000Z,-50.81
2025-11-10T17:02:15.000Z,-51.62
2025-11-10T17:02:30.000Z,-49.86
2025-11-10T17:02:45.000Z,-52.42
2025-11-10T17:03:00.000Z,-53.03
2025-11-10T17:03:15.000Z,-53.23
2025-11-10T17:03:30.000Z,-49.8
2025-11-10T17:03:45.000Z,-44.4
2025-11-10T17:04:00.000Z,-54.29
2025-11-10T17:04:15.000Z,-52.56
2025-11-10T17:04:30.000Z,-43.41
2025-11-10T17:04:45.000Z,-44.17
2025-11-10T17:05:00.000Z,-50.19
2025-11-10T17:05:15.000Z,-49.24
2025-11-10T17:05:30.000Z,-54.14
2025-11-10T17:05:45.000Z,-53.47
2025-11-10T17:06:00.000Z,-52.26
2025-11-10T17:06:15.000Z,-52.89
2025-11-10T17:06:30.000Z,-52.68
2025-11-10T17:06:45.000Z,-51.05
2025-11-10T17:07:00.000Z,-53.59
2025-11-10T17:07:15.000Z,-54.0
2025-11-10T17:07:30.000Z,-53.83
2025-11-10T17:07:45.000Z,-51.07
2025-11-10T17:08:00.000Z,-51.53
2025-11-10T17:08:15.000Z,-47.37
2025-11-10T17:08:30.000Z,-46.87
2025-11-10T17:08:45.000Z,-51.59
2025-11-10T17:09:00.000Z,-49.97
2025-11-10T17:09:15.000Z,-49.99
2025-11-10T17:09:30.000Z,-52.21
2025-11-10T17:09:45.000Z,-52.54
2025-11-10T17:10:00.000Z,-50.84
2025-11-10T17:10:15.000Z,-46.83
2025-11-10T17:10:30.000Z,-49.3
2025-11-10T17:10:45.000Z,-50.46
2025-11-10T17:11:00.000Z,-50.49
2025-11-10T17:11:15.000Z,-51.29
2025-11-10T17:11:30.000Z,-52.06
2025-11-10T17:11:45.000Z,-44.3
2025-11-10T17:12:00.000Z,-44.96
2025-11-10T17:12:15.000Z,-49.87
2025-11-10T17:12:30.000Z,-43.99
2025-11-10T17:12:45.000Z,-49.98
2025-11-10T17:13:00.000Z,-51.06
2025-11-10T17:13:15.000Z,-53.05
2025-11-10T17:13:30.000Z,-45.42
2025-11-10T17:13:45.000Z,-46.55
2025-11-10T17:14:00.000Z,-53.35
2025-11-10T17:14:15.000Z,-52.67
2025-11-10T17:14:30.000Z,-44.8
2025-11-10T17:14:45.000Z,-50.81
2025-11-10T17:15:00.000Z,-51.25
2025-11-10T17:15:15.000Z,-49.19
2025-11-10T17:15:30.000Z,-47.97
2025-11-10T17:15:45.000Z,-50.05
2025-11-10T17:16:00.000Z,-50.79
2025-11-10T17:16:15.000Z,-50.1
2025-11-10T17:16:30.000Z,-51.34
2025-11-10T17:16:45.000Z,-50.33
2025-11-10T17:17:00.000Z,-44.52
2025-11-10T17:17:15.000Z,-48.45
2025-11-10T17:17:30.000Z,-51.71
2025-11-10T17:17:45.000Z,-53.02
2025-11-10T17:18:00.000Z,-52.3
2025-11-10T17:18:15.000Z,-43.02
2025-11-10T17:18:30.000Z,-43.27
2025-11-10T17:18:45.000Z,-43.62
2025-11-10T17:19:00.000Z,-50.17
2025-11-10T17:19:15.000Z,-48.18
2025-11-10T17:19:30.000Z,-50.72
2025-11-10T17:19:45.000Z,-50.15
2025-11-10T17:20:00.000Z,-46.65
2025-11-10T17:20:15.000Z,-50.08
2025-11-10T17:20:30.000Z,-51.03
2025-11-10T17:20:45.000Z,-50.91
2025-11-10T17:21:00.000Z,-47.73
2025-11-10T17:21:15.000Z,-49.23
2025-11-10T17:21:30.000Z,-49.06
2025-11-10T17:21:45.000Z,-47.76
2025-11-10T17:22:00.000Z,-46.32
2025-11-10T17:22:15.000Z,-48.5
2025-11-10T17:22:30.000Z,-46.19
2025-11-10T17:22:45.000Z,-50.28
2025-11-10T17:23:00.000Z,-48.25
2025-11-10T17:23:15.000Z,-49.43
2025-11-10T17:23:30.000Z,-49.84
2025-11-10T17:23:45.000Z,-48.48
2025-11-10T17:24:00.000Z,-48.86
2025-11-10T17:24:15.000Z,-47.28
2025-11-10T17:24:30.000Z,-45.68
2025-11-10T17:24:45.000Z,-55.67
2025-11-10T17:25:00.000Z,-73.65
2025-11-10T17:25:15.000Z,-69.67
2025-11-10T17:25:30.000Z,-68.97
2025-11-10T17:25:45.000Z,-70.94
2025-11-10T17:26:00.000Z,-71.46
2025-11-10T17:26:15.000Z,-69.62
2025-11-10T17:26:30.000Z,-71.98
2025-11-10T17:26:45.000Z,-71.46
2025-11-10T17:27:00.000Z,-68.87
2025-11-10T17:27:15.000Z,-61.05
2025-11-10T17:27:30.000Z,-58.6
2025-11-10T17:27:45.000Z,-61.1
2025-11-10T17:28:00.000Z,-64.64
2025-11-10T17:28:15.000Z,-68.48
2025-11-10T17:28:30.000Z,-70.05
2025-11-10T17:28:45.000Z,-69.83
2025-11-10T17:29:00.000Z,-64.17
2025-11-10T17:29:15.000Z,-49.57
2025-11-10T17:29:30.000Z,-50.06
2025-11-10T17:29:45.000Z,-49.28
2025-11-10T17:30:00.000Z,-49.63
2025-11-10T17:30:15.000Z,-49.15
2025-11-10T17:30:30.000Z,-49.22
2025-11-10T17:30:45.000Z,-49.06
2025-11-10T17:31:00.000Z,-49.79
2025-11-10T17:31:15.000Z,-48.65
2025-11-10T17:31:30.000Z,-48.78
2025-11-10T17:31:45.000Z,-48.86
2025-11-10T17:32:00.000Z,-49.34
2025-11-10T17:32:15.000Z,-50.41
2025-11-10T17:32:30.000Z,-50.26
2025-11-10T17:32:45.000Z,-50.4
2025-11-10T17:33:00.000Z,-45.01
2025-11-10T17:33:15.000Z,-45.55
2025-11-10T17:33:30.000Z,-46.69
2025-11-10T17:33:45.000Z,-49.65
2025-11-10T17:34:00.000Z,-50.98
2025-11-10T17:34:15.000Z,-51.37
2025-11-10T17:34:30.000Z,-50.53
2025-11-10T17:34:45.000Z,-52.49
2025-11-10T17:35:00.000Z,-51.31
2025-11-10T17:35:15.000Z,-49.31
2025-11-10T17:35:30.000Z,-51.14
2025-11-10T17:35:45.000Z,-53.78
2025-11-10T17:36:00.000Z,-53.87
2025-11-10T17:36:15.000Z,-53.3
2025-11-10T17:36:30.000Z,-53.33
2025-11-10T17:36:45.000Z,-53.56
2025-11-10T17:37:00.000Z,-53.82
2025-11-10T17:37:15.000Z,-50.93
2025-11-10T17:37:30.000Z,-51.04
2025-11-10T17:37:45.000Z,-50.7
2025-11-10T17:38:00.000Z,-49.15
2025-11-10T17:38:15.000Z,-42.62
2025-11-10T17:38:30.000Z,-46.27
2025-11-10T17:38:45.000Z,-49.31
2025-11-10T17:39:00.000Z,-50.62
2025-11-10T17:39:15.000Z,-48.01
2025-11-10T17:39:30.000Z,-46.64
2025-11-10T17:39:45.000Z,-47.48
2025-11-10T17:40:00.000Z,-52.27
2025-11-10T17:40:15.000Z,-53.54
2025-11-10T17:40:30.000Z,-48.3
2025-11-10T17:40:45.000Z,-54.13
2025-11-10T17:41:00.000Z,-53.64
2025-11-10T17:41:15.000Z,-52.93
2025-11-10T17:41:30.000Z,-52.33
2025-11-10T17:41:45.000Z,-51.65
2025-11-10T17:42:00.000Z,-48.9
2025-11-10T17:42:15.000Z,-50.85
2025-11-10T17:42:30.000Z,-44.5
2025-11-10T17:42:45.000Z,-46.27
2025-11-10T17:43:00.000Z,-44.67
2025-11-10T17:43:15.000Z,-49.86
2025-11-10T17:43:30.000Z,-46.72
2025-11-10T17:43:45.000Z,-47.33
2025-11-10T17:44:00.000Z,-45.4
2025-11-10T17:44:15.000Z,-44.96
2025-11-10T17:44:30.000Z,-38.15
2025-11-10T17:44:45.000Z,-48.05
2025-11-10T17:45:00.000Z,-48.31
2025-11-10T17:45:15.000Z,-47.99
2025-11-10T17:45:30.000Z,-45.44
2025-11-10T17:45:45.000Z,-47.77
2025-11-10T17:46:00.000Z,-52.53
2025-11-10T17:46:15.000Z,-52.74
2025-11-10T17:46:30.000Z,-53.18
2025-11-10T17:46:45.000Z,-51.01
2025-11-10T17:47:00.000Z,-53.02
2025-11-10T17:47:15.000Z,-52.97
2025-11-10T17:47:30.000Z,-45.09
2025-11-10T17:47:45.000Z,-50.94
2025-11-10T17:48:00.000Z,-50.32
2025-11-10T17:48:15.000Z,-47.22
2025-11-10T17:48:30.000Z,-50.64
2025-11-10T17:48:45.000Z,-46.21
2025-11-10T17:49:00.000Z,-50.61
2025-11-10T17:49:15.000Z,-50.52
2025-11-10T17:49:30.000Z,-51.23
2025-11-10T17:49:45.000Z,-52.04
2025-11-10T17:50:00.000Z,-51.25
2025-11-10T17:50:15.000Z,-47.83
2025-11-10T17:50:30.000Z,-49.26
2025-11-10T17:50:45.000Z,-47.67
2025-11-10T17:51:00.000Z,-47.31
2025-11-10T17:51:15.000Z,-44.88
2025-11-10T17:51:30.000Z,-47.35
2025-11-10T17:51:45.000Z,-40.77
2025-11-10T17:52:00.000Z,-44.64
2025-11-10T17:52:15.000Z,-46.29
2025-11-10T17:52:30.000Z,-46.75
2025-11-10T17:52:45.000Z,-47.68
2025-11-10T17:53:00.000Z,-48.67
2025-11-10T17:53:15.000Z,-42.96
2025-11-10T17:53:30.000Z,-50.08
2025-11-10T17:53:45.000Z,-46.11
2025-11-10T17:54:00.000Z,-43.64
2025-11-10T17:54:15.000Z,-46.62
2025-11-10T17:54:30.000Z,-49.6
2025-11-10T17:54:45.000Z,-51.38
2025-11-10T17:55:00.000Z,-52.24
2025-11-10T17:55:15.000Z,-47.59
2025-11-10T17:55:30.000Z,-44.56
2025-11-10T17:55:45.000Z,-46.39
2025-11-10T17:56:00.000Z,-48.46
2025-11-10T17:56:15.000Z,-45.39
2025-11-10T17:56:30.000Z,-40.93
2025-11-10T17:56:45.000Z,-45.56
2025-11-10T17:57:00.000Z,-48.68
2025-11-10T17:57:15.000Z,-47.13
2025-11-10T17:57:30.000Z,-46.83
2025-11-10T17:57:45.000Z,-50.37
2025-11-10T17:58:00.000Z,-50.43
2025-11-10T17:58:15.000Z,-41.46
2025-11-10T17:58:30.000Z,-40.99
2025-11-10T17:58:45.000Z,-42.96
2025-11-10T17:59:00.000Z,-46.83
2025-11-10T17:59:15.000Z,-45.79
2025-11-10T17:59:30.000Z,-47.27
2025-11-10T17:59:45.000Z,-46.86
2025-11-10T18:00:00.000Z,-31.87
2025-11-10T18:00:15.000Z,-33.81
2025-11-10T18:00:30.000Z,-34.9
2025-11-10T18:00:45.000Z,-21.59
2025-11-10T18:01:00.000Z,-29.59
2025-11-10T18:01:15.000Z,-34.41
2025-11-10T18:01:30.000Z,-34.32
2025-11-10T18:01:45.000Z,-23.22
2025-11-10T18:02:00.000Z,-43.89
2025-11-10T18:02:15.000Z,-51.32
2025-11-10T18:02:30.000Z,-53.06
2025-11-10T18:02:45.000Z,-34.44
2025-11-10T18:03:00.000Z,-32.33
2025-11-10T18:03:15.000Z,-26.64
2025-11-10T18:03:30.000Z,-28.15
2025-11-10T18:03:45.000Z,-29.72
2025-11-10T18:04:00.000Z,-24.57
2025-11-10T18:04:15.000Z,-25.46
2025-11-10T18:04:30.000Z,-32.42
2025-11-10T18:04:45.000Z,-41.74
2025-11-10T18:05:00.000Z,-40.97
2025-11-10T18:05:15.000Z,-46.71
2025-11-10T18:05:30.000Z,-44.5
2025-11-10T18:05:45.000Z,-47.0
2025-11-10T18:06:00.000Z,-39.92
2025-11-10T18:06:15.000Z,-46.58
2025-11-10T18:06:30.000Z,-45.52
2025-11-10T18:06:45.000Z,-46.65
2025-11-10T18:07:00.000Z,-49.24
2025-11-10T18:07:15.000Z,-44.79
2025-11-10T18:07:30.000Z,-38.41
2025-11-10T18:07:45.000Z,-44.81
2025-11-10T18:08:00.000Z,-48.61
2025-11-10T18:08:15.000Z,-41.98
2025-11-10T18:08:30.000Z,-46.39
2025-11-10T18:08:45.000Z,-42.79
2025-11-10T18:09:00.000Z,-51.94
2025-11-10T18:09:15.000Z,-50.85
2025-11-10T18:09:30.000Z,-49.95
2025-11-10T18:09:45.000Z,-44.73
2025-11-10T18:10:00.000Z,-42.88
2025-11-10T18:10:15.000Z,-47.07
2025-11-10T18:10:30.000Z,-52.77
2025-11-10T18:10:45.000Z,-49.59
2025-11-10T18:11:00.000Z,-51.84
2025-11-10T18:11:15.000Z,-52.0
2025-11-10T18:11:30.000Z,-51.61
2025-11-10T18:11:45.000Z,-49.17
2025-11-10T18:12:00.000Z,-49.72
2025-11-10T18:12:15.000Z,-50.78
2025-11-10T18:12:30.000Z,-52.03
2025-11-10T18:12:45.000Z,-49.26
2025-11-10T18:13:00.000Z,-48.99
2025-11-10T18:13:15.000Z,-35.93
2025-11-10T18:13:30.000Z,-50.06
2025-11-10T18:13:45.000Z,-46.25
2025-11-10T18:14:00.000Z,-50.77
2025-11-10T18:14:15.000Z,-39.44
2025-11-10T18:14:30.000Z,-34.31
2025-11-10T18:14:45.000Z,-28.77
2025-11-10T18:15:00.000Z,-21.55
2025-11-10T18:15:15.000Z,-14.99
2025-11-10T18:15:30.000Z,-14.87
2025-11-10T18:15:45.000Z,-15.26
2025-11-10T18:16:00.000Z,-21.95
2025-11-10T18:16:15.000Z,-27.86
2025-11-10T18:16:30.000Z,-36.66
2025-11-10T18:16:45.000Z,-52.53
2025-11-10T18:17:00.000Z,-55.79
2025-11-10T18:17:15.000Z,-55.64
2025-11-10T18:17:30.000Z,-45.97
2025-11-10T18:17:45.000Z,-48.21
2025-11-10T18:18:00.000Z,-50.56
2025-11-10T18:18:15.000Z,-50.31
2025-11-10T18:18:30.000Z,-52.51
2025-11-10T18:18:45.000Z,-51.84
2025-11-10T18:19:00.000Z,-54.56
2025-11-10T18:19:15.000Z,-49.67
2025-11-10T18:19:30.000Z,-52.03
2025-11-10T18:19:45.000Z,-55.31
2025-11-10T18:20:00.000Z,-54.29
2025-11-10T18:20:15.000Z,-49.08
2025-11-10T18:20:30.000Z,-51.21
