time,seconds_elapsed,steps
1762763075302535200,3789.92653515625,8
1762763077875148300,3792.4991481933594,8
1762763080447762400,3795.071762451172,8
1762763211651425300,3926.275425292969,8
1762763214224053000,3928.848052978515,8
1762763216796682000,3931.4206818847656,8
1762763237377737500,3952.001737548828,8
1762763239950374700,3954.574374755859,17
1762763242523012000,3957.1470122070314,22
1762763245095652600,3959.719652587891,27
1762763247668298800,3962.292298828125,31
1762763250240951600,3964.864951660156,36
1762763252813610500,3967.437610595703,41
1762763255386270000,3970.010270019531,41
1762763257958935300,3972.5829353027343,47
1762763260531608600,3975.155608642578,47
1762763263104294700,3977.7282946777345,51
1762763265676991500,3980.300991455078,58
1762763268249704000,3982.873703857422,62
1762763270822432300,3985.4464323730463,68
1762763273395172600,3988.0191726074218,74
1762763275967919900,3990.591919921875,79
1762763278540671200,3993.1646711425783,84
1762763281113419300,3995.737419189453,89
1762763283686162400,3998.310162353516,93
1762763286258899700,4000.8828996582033,98
1762763288831632100,4003.455632080078,103
1762763291404358700,4006.028358642578,107
1762763293977076000,4008.601075927734,112
1762763296549787100,4011.173787109375,117
1762763299122495200,4013.7464951171874,122
1762763301695200500,4016.319200439453,127
1762763304267901000,4018.891900878906,131
1762763306840598000,4021.464597900391,136
1762763309413288000,4024.037287841797,141
1762763311985973000,4026.6099729003904,145
1762763314558650400,4029.182650390625,150
1762763317131322400,4031.755322265625,155
1762763319703988000,4034.327988037109,160
1762763322276650200,4036.900650146484,165
1762763324849310500,4039.473310546875,170
1762763327421971700,4042.045971679688,175
1762763329994636000,4044.618635986328,179
1762763332567299600,4047.191299560546,184
1762763335139963400,4049.7639633789063,189
1762763337712626400,4052.336626464844,194
1762763340285292000,4054.909291992188,199
1762763342857960700,4057.4819606933593,203
1762763345430631400,4060.054631347656,208
1762763348003300000,4062.627300048828,212
1762763350575970000,4065.199969970703,217
1762763353148638000,4067.772637939453,221
1762763355721305900,4070.345305908203,226
1762763358293969400,4072.917969482422,230
1762763360866626800,4075.490626708985,232
1762763363439281200,4078.06328125,237
1762763366011932700,4080.6359326171873,241
1762763368584578600,4083.208578613281,243
1762763371157218800,4085.78121875,247
1762763373729859000,4088.3538591308593,251
1762763376302499300,4090.926499267578,255
1762763378875139300,4093.499139404297,259
1762763381447778600,4096.071778564453,261
1762763384020417300,4098.644417236328,265
1762763386593055700,4101.217055664062,269
1762763389165694500,4103.7896945800785,273
1762763391738332000,4106.36233178711,275
1762763394310964200,4108.934964111329,279
1762763396883593200,4111.507593261719,283
1762763399456217900,4114.080217773438,285
1762763402028841500,4116.652841552735,289
1762763404601466600,4119.225466552734,291
1762763407174092000,4121.7980920410155,292
1762763409746719700,4124.370719726562,292
1762763412319349000,4126.943348876953,292
1762763414891978500,4129.515978515625,292
1762763417464607200,4132.088607177734,292
1762763420037264100,4134.661264160156,292
1762763422609972500,4137.233972412109,292
1762763461211439000,4175.835439208984,292
1762763463784723700,4178.408723632812,300
1762763466357981700,4180.981981689453,300
1762763468931226400,4183.555226318359,300
1762763471506341400,4186.130341308593,300
1762763474080813300,4188.704813232422,300
1762763476654008800,4191.278008789062,300
1762763479228435700,4193.8524357910155,300
1762763481802204200,4196.426204101563,300
1762763484375944200,4198.999944091797,300
1762763486949028000,4201.573028076172,300
1762763489522088400,4204.146088378906,300
1762763492096384800,4206.720384765625,300
1762763494670659000,4209.294659179687,300
1762763504963214800,4219.58721484375,300
1762763507536212000,4222.1602119140625,311
1762763510109837000,4224.733837158203,316
1762763512682825200,4227.306825195313,320
1762763515255800300,4229.879800292969,325
1762763517828759300,4232.452759277344,329
1762763520401700000,4235.025700195312,333
1762763522974623000,4237.598623046875,337
1762763525547527700,4240.1715275878905,342
1762763528120416300,4242.744416259766,346
1762763530693288400,4245.317288330079,351
1762763533266145500,4247.890145507812,355
1762763535838988800,4250.462988769531,359
1762763538411816700,4253.03581665039,364
1762763540984636200,4255.608636230469,368
1762763543558075600,4258.182075683594,371
1762763546131517700,4260.755517578125,372
1762763548704346600,4263.3283466796875,374
1762763551277187300,4265.901187255859,374
1762763553850033700,4268.4740336914065,378
1762763556422892500,4271.046892578125,382
1762763558995763000,4273.619762939453,386
1762763561568640800,4276.192640869141,391
1762763564141525200,4278.765525146484,395
1762763566714421800,4281.338421875,400
1762763569287342300,4283.911342285156,404
1762763571860271000,4286.484270996094,409
1762763574433194500,4289.057194580078,414
1762763577006107000,4291.630106933594,418
1762763579579008300,4294.203008300781,423
1762763582151895300,4296.775895263672,427
1762763584724769500,4299.34876953125,432
1762763587297629000,4301.92162890625,436
1762763589870477600,4304.494477539062,441
1762763592443313200,4307.067313232422,445
1762763595016140000,4309.640140136718,450
1762763597588957000,4312.21295703125,455
1762763600161767400,4314.785767333984,459
1762763602734570500,4317.35857055664,464
1762763605307367700,4319.931367675781,469
1762763607880159700,4322.504159667968,474
1762763610452943000,4325.076943115235,478
1762763613025718800,4327.64971875,483
1762763615598487300,4330.222487304687,488
1762763618171246800,4332.795246826172,493
1762763620744000000,4335.368,497
1762763623316747500,4337.940747558594,502
1762763625889489700,4340.513489746094,507
1762763628462226000,4343.086225830079,512
1762763631034958800,4345.658958740234,516
1762763633607688400,4348.231688476562,521
1762763636180416000,4350.804416015625,526
1762763638753141200,4353.377141357422,530
1762763641325864400,4355.949864501953,535
1762763643898583300,4358.522583251953,539
1762763646471301600,4361.095301513672,544
1762763649044018200,4363.668018066406,548
1762763651616732200,4366.240732177735,553
1762763654189444000,4368.813444091797,558
1762763656762156500,4371.386156494141,562
1762763659334864600,4373.958864746094,567
1762763661907570400,4376.5315703125,572
1762763664480273000,4379.104272949219,576
1762763667052972000,4381.676971923828,581
1762763669625668400,4384.2496684570315,585
1762763672198360300,4386.822360351563,589
1762763674771051000,4389.395051025391,591
1762763677343739100,4391.967739257812,591
1762763679916426200,4394.540426269531,591
1762763682489111600,4397.113111572266,591
1762763685061797600,4399.685797607422,591
1762763687634486500,4402.258486572266,591
1762764312872040200,5027.496040283203,591
1762764315445095400,5030.0690954589845,601
1762764318018174700,5032.642174804688,606
1762764320591254500,5035.2152546386715,610
1762764323164321000,5037.788321044922,614
1762764325737368300,5040.361368408203,618
1762764328310393000,5042.934393066406,623
1762764330883397600,5045.507397705078,628
1762764333456380700,5048.080380615234,633
1762764336029345800,5050.653345703125,637
1762764338602295800,5053.2262958984375,642
1762764341175232300,5055.799232177735,646
1762764343748155400,5058.372155273438,650
1762764346321068500,5060.945068603515,654
1762764348893972500,5063.517972412109,659
1762764351466868200,5066.090868164062,663
1762764354039755000,5068.663755126953,667
1762764356612635000,5071.236634765625,671
1762764359185509000,5073.8095090332035,676
1762764361758383600,5076.382383544922,680
1762764364331260700,5078.955260742187,684
1762764366904136400,5081.52813647461,689
1762764369477006800,5084.101006835937,692
1762764372049871400,5086.673871337891,697
1762764374622728000,5089.246728027344,701
1762764377195576600,5091.819576660157,705
1762764379769045200,5094.393045166015,711
1762764382341883400,5096.965883300782,713
1762764384915349800,5099.539349853516,713
1762764392633949700,5107.257949707031,713
1762764395206871600,5109.830871582031,713
1762764400352878600,5114.97687866211,713
1762764402925966800,5117.549966796875,722
1762764405499080700,5120.1230808105465,727
1762764408072207400,5122.69620727539,732
1762764410645328600,5125.269328613282,736
1762764413218438700,5127.842438720703,741
1762764415791530500,5130.415530517578,746
1762764418364605000,5132.988604980469,751
1762764420937660200,5135.56166015625,756
1762764423510693600,5138.134693603515,760
1762764426083707000,5140.70770678711,765
1762764428656704500,5143.2807045898435,770
1762764431229684700,5145.853684814453,775
1762764433802651000,5148.426650878906,780
1762764436375602700,5150.999602783203,784
1762764438948542700,5153.57254272461,789
1762764441521472000,5156.145471923828,794
1762764444094393300,5158.718393310547,799
1762764446667313200,5161.291313232422,804
1762764449240230700,5163.86423071289,809
1762764451813146000,5166.437145996094,813
1762764454386054400,5169.010054443359,818
1762764456958956300,5171.582956298828,823
1762764459531857400,5174.155857421875,828
1762764462107272200,5176.731272216797,833
1762764464680168700,5179.304168701172,838
1762764467253060400,5181.877060302734,843
1762764469825955300,5184.449955322266,847
1762764472402632200,5187.026632080078,852
1762764474975549400,5189.599549560547,858
1762764477548469000,5192.17246899414,862
1762764480121385500,5194.745385498047,867
1762764482694292500,5197.318292480469,872
1762764485267191300,5199.89119140625,876
1762764487840079400,5202.464079345703,881
1762764490412957000,5205.03695703125,886
1762764492985825300,5207.609825195313,890
1762764495558684400,5210.1826843261715,895
1762764498131538000,5212.7555378417965,900
1762764500704386600,5215.328386474609,904
1762764503277228800,5217.901228759765,909
1762764505850067200,5220.474067138672,914
1762764508422900200,5223.046900146484,919
1762764510995729700,5225.619729736328,923
1762764513568554500,5228.19255444336,928
1762764516141375500,5230.765375488281,932
1762764518714194200,5233.338194091797,937
1762764521287008800,5235.911008789062,942
1762764523859821300,5238.483821289063,946
1762764526432632300,5241.056632324218,951
1762764529005443000,5243.629443115235,956
1762764531578252300,5246.202252197266,961
1762764534151058700,5248.77505859375,965
1762764536723865900,5251.347865966797,970
1762764539296670200,5253.920670166016,975
1762764541869474000,5256.493474121094,980
1762764544442279400,5259.066279541015,985
1762764547015086000,5261.639086181641,990
1762764549587896300,5264.211896240235,994
1762764552160707800,5266.784707763672,999
1762764554733521400,5269.357521484375,1000
1762764557306334500,5271.930334472656,1000
1762764559879146500,5274.503146484375,1008
1762764562451957800,5277.075957763672,1013
1762764565024768300,5279.648768310547,1018
1762764567597575200,5282.221575195313,1022
1762764570170381000,5284.794381103516,1027
1762764572743192300,5287.367192382812,1032
1762764575316009500,5289.940009521484,1036
1762764577888831200,5292.512831298828,1041
1762764580461653800,5295.085653808594,1046
1762764583034477800,5297.658477783203,1051
1762764585607303700,5300.231303710938,1056
1762764588180128000,5302.804127929688,1061
1762764590752954400,5305.376954345703,1066
1762764593325778400,5307.949778320312,1071
1762764595898604300,5310.522604248047,1076
1762764598471429400,5313.0954294433595,1081
1762764601044255700,5315.668255859375,1085
1762764603617082000,5318.24108203125,1090
1762764606189909000,5320.813908935547,1095
1762764608762737000,5323.3867368164065,1100
1762764611335566000,5325.95956616211,1105
1762764613908401700,5328.532401611328,1110
1762764616481251800,5331.105251953125,1115
1762764619054109700,5333.678109619141,1120
1762764621626974500,5336.2509743652345,1124
1762764624199840300,5338.823840332031,1129
1762764626772708400,5341.396708251953,1134
1762764629345578500,5343.969578613282,1139
1762764631918445600,5346.542445556641,1143
1762764634491308500,5349.11530859375,1148
1762764637064160800,5351.6881608886715,1152
1762764639637006800,5354.261006835937,1156
1762764642209849000,5356.833849121093,1161
1762764644782689300,5359.406689208984,1166
1762764647355528000,5361.979527832032,1170
1762764649928365800,5364.552365722656,1174
1762764652501203500,5367.125203369141,1179
1762764655074041000,5369.698041015625,1183
1762764657646877700,5372.270877685547,1188
1762764660219714600,5374.8437145996095,1191
1762764662792551200,5377.416551269531,1197
1762764665365397800,5379.989397705078,1201
1762764667938256600,5382.5622565917965,1205
1762764670511124000,5385.135124023437,1210
1762764673084000800,5387.708000732422,1215
1762764675656881200,5390.280881103516,1220
1762764678229760800,5392.853760742188,1225
1762764680803895600,5395.4278955078125,1229
1762764683379290600,5398.003290527344,1234
1762764685952179200,5400.576179199219,1239
1762764688525067800,5403.149067871093,1244
1762764691097953800,5405.721953857422,1249
1762764693670835000,5408.294834960938,1254
1762764696243710000,5410.867709960938,1259
1762764698816577500,5413.440577636718,1264
1762764701389436700,5416.013436767578,1269
1762764703962283500,5418.5862834472655,1274
1762764706535123000,5421.159123046875,1278
1762764709107955500,5423.731955566406,1283
1762764711680783000,5426.304783203125,1288
1762764714253606400,5428.877606445312,1292
1762764716826426600,5431.450426513672,1298
1762764719399242800,5434.023242675781,1302
1762764721972055600,5436.596055664062,1307
1762764724544861700,5439.168861816406,1312
1762764727117666800,5441.741666748047,1316
1762764729690470100,5444.314470214844,1321
1762764732263274500,5446.887274414063,1322
1762764734836078000,5449.460078125,1327
1762764737412649500,5452.036649414063,1332
1762764739985452000,5454.609452148437,1338
1762764742558257200,5457.182257080078,1343
1762764745131061500,5459.755061523438,1348
1762764747703864800,5462.327864746094,1353
1762764750276664800,5464.900664794922,1358
1762764752849458200,5467.473458251953,1362
1762764755422251800,5470.0462517089845,1367
1762764757995041300,5472.619041259765,1372
1762764760567822800,5475.191822753906,1377
1762764763140598300,5477.764598388672,1382
1762764765713366800,5480.337366699218,1387
1762764768286126000,5482.910125976562,1392
1762764770858880000,5485.482879882812,1397
1762764773431625700,5488.0556257324215,1402
1762764776004364000,5490.628364013672,1407
1762764778577097500,5493.201097412109,1412
1762764781149828000,5495.773828125,1417
1762764783722561800,5498.346561767578,1422
1762764786295297000,5500.9192971191405,1427
1762764788868031500,5503.492031494141,1432
1762764791440760000,5506.064760009765,1437
1762764794013485000,5508.6374851074215,1441
1762764796586203400,5511.210203369141,1446
1762764799158916400,5513.782916259765,1451
1762764801731625700,5516.355625732422,1453
1762764804304344000,5518.928343994141,1457
1762764806877099500,5521.501099609375,1460
1762764809449949700,5524.073949707031,1460
1762764812022898700,5526.646898681641,1460
1762764814595924000,5529.219924072266,1460
1762764817169005800,5531.793005859375,1460
1762764819742128000,5534.366128173828,1460
1762764824888437200,5539.512437255859,1460
1762764827461629000,5542.08562890625,1472
1762764830034894600,5544.65889453125,1474
1762764832608238600,5547.232238525391,1475
1762764835181624000,5549.805624023437,1478
1762764837755027500,5552.37902734375,1481
1762764840328432000,5554.952432128906,1485
1762764842901831700,5557.525831787109,1487
1762764845475218700,5560.09921875,1491
1762764848048593400,5562.672593505859,1495
1762764850621992000,5565.2459919433595,1499
1762764853195406000,5567.8194060058595,1499
1762764855768882000,5570.392881835937,1499
1762764858342390300,5572.96639038086,1499
1762764860915897600,5575.539897705078,1499
1762764863493176600,5578.117176513671,1510
1762764866066665700,5580.690665771484,1514
1762764868640124400,5583.264124511718,1519
1762764871213547500,5585.837547607422,1523
1762764873786940700,5588.410940673828,1527
1762764876360315400,5590.984315429688,1532
1762764878933666600,5593.557666503906,1536
1762764881506995500,5596.130995361328,1541
1762764884080299300,5598.704299316406,1545
1762764886653570800,5601.277570800781,1549
1762764889226810400,5603.850810302734,1554
1762764891800014800,5606.424014892578,1558
1762764894373188900,5608.997188964844,1563
1762764896946333400,5611.570333496094,1567
1762764899519447800,5614.143447753906,1571
1762764902092537300,5616.716537353515,1576
1762764904665605000,5619.28960522461,1581
1762764907238653200,5621.862653076172,1585
1762764909811687400,5624.4356875,1590
1762764912384710400,5627.008710449219,1594
1762764914957725000,5629.581724853516,1599
1762764917530732300,5632.154732177734,1603
1762764920103731000,5634.727730957031,1607
1762764922676725000,5637.300725097656,1612
1762764925249712400,5639.873712402344,1617
1762764927822694700,5642.446694580078,1621
1762764930395671600,5645.019671630859,1625
1762764932968644000,5647.5926440429685,1628
1762764935541612000,5650.165612060547,1633
1762764938114574000,5652.73857397461,1636
1762764940687528700,5655.311528808594,1639
1762764943260473900,5657.884473876953,1644
1762764945833410800,5660.457410888672,1649
1762764948406341000,5663.030341064453,1653
1762764950979263200,5665.603263183593,1656
1762764953552178000,5668.176177978516,1661
1762764956125087200,5670.749087158203,1665
1762764958697991400,5673.321991455078,1669
1762764961270888000,5675.894887939453,1673
1762764963843781400,5678.467781494141,1677
1762764966416667600,5681.040667724609,1681
1762764968989551400,5683.613551269531,1686
1762764971562430700,5686.186430664063,1690
1762764974135306200,5688.759306152344,1694
1762764976708180500,5691.332180419922,1699
1762764979281051100,5693.905051025391,1703
1762764981853920500,5696.477920410156,1708
1762764984426787800,5699.050787841797,1712
1762764986999654700,5701.623654541016,1716
1762764989572526000,5704.196526123047,1721
1762764992145394700,5706.7693947753905,1725
1762764994718257700,5709.342257568359,1730
1762764997291118600,5711.915118652344,1734
1762764999863978200,5714.487978271484,1738
1762765002436838100,5717.060838134766,1743
1762765005009703700,5719.633703613281,1747
1762765007582578200,5722.206578125,1751
1762765010155459300,5724.779459228515,1755
1762765012728341500,5727.352341552734,1760
1762765015301223700,5729.925223632812,1764
1762765017874104600,5732.498104492188,1768
1762765020446983400,5735.070983398437,1772
1762765023019858200,5737.643858154297,1776
1762765025592730400,5740.21673046875,1781
1762765028165598500,5742.789598388672,1785
1762765030738463500,5745.362463378906,1789
1762765033311323600,5747.935323730469,1793
1762765035884180500,5750.508180419922,1797
1762765038457031400,5753.081031494141,1800
1762765041029882400,5755.653882324219,1804
1762765043602726700,5758.2267265625,1807
1762765046175570000,5760.799569824218,1811
1762765048748412200,5763.372412109375,1815
1762765051321259000,5765.945259033203,1815
1762765053894121700,5768.518121826172,1815
1762765059039928800,5773.663928710937,1815
1762765061612871200,5776.23687109375,1815
1762765249458625800,5964.082625732422,1815
1762765252033249300,5966.657249267578,1823
1762765254606616000,5969.230615966797,1828
1762765257179980800,5971.803980712891,1833
1762765259753340200,5974.377340087891,1837
1762765262326697500,5976.950697509766,1842
1762765264900050700,5979.52405078125,1847
1762765267475285000,5982.099284912109,1852
1762765270048629500,5984.672629394531,1856
1762765272623223800,5987.247223876953,1861
1762765275196553700,5989.820553710938,1866
1762765277770503700,5992.394503662109,1870
1762765280343815400,5994.967815429687,1876
1762765282917115400,5997.541115478516,1880
1762765285490405000,6000.114405029297,1885
1762765288063686400,6002.687686279297,1889
1762765290638843100,6005.262843017578,1894
1762765293212102000,6007.836101806641,1898
1762765295786593800,6010.41059375,1903
1762765298361065000,6012.985064941407,1908
1762765300934265300,6015.55826538086,1912
1762765303511223300,6018.135223388672,1917
1762765306085028600,6020.709028564454,1922
1762765308658202600,6023.2822026367185,1927
1762765311231371500,6025.855371582032,1932
1762765313804538000,6028.428538085937,1937
1762765316381471700,6031.005471679688,1942
1762765318954634200,6033.578634277344,1947
1762765321527791400,6036.151791259766,1951
1762765324100944600,6038.724944580078,1956
1762765326674094600,6041.298094482422,1961
1762765329247243000,6043.871242919922,1966
1762765331821641500,6046.445641357422,1971
1762765334394775300,6049.018775390625,1976
1762765336969156400,6051.59315625,1980
1762765339542900200,6054.166900146484,1985
1762765342116006000,6056.740005859375,1989
1762765344689100800,6059.313100830078,1993
1762765347263453400,6061.8874533691405,1993
1762765349836572200,6064.460572265625,1999
1762765352409722000,6067.033722167968,2002
1762765354982929700,6069.6069296875,2002
1762765357556188200,6072.180188232422,2002
1762765360129464600,6074.753464599609,2002
1762765362702737700,6077.3267375488285,2002
1762765365277262000,6079.90126196289,2002
1762765367850523400,6082.4745234375,2002
1762765370423789600,6085.047789550781,2002
1762765372997072600,6087.621072753906,2002
1762765375570379000,6090.19437890625,2002
1762765378143693800,6092.767693847656,2002
1762765380717006000,6095.341006103516,2002
1762765434761845800,6149.385845703125,2002
1762765437336136700,6151.96013671875,2010
1762765439909158100,6154.533158203125,2014
1762765442482164000,6157.1061640625,2018
1762765445055164000,6159.6791638183595,2023
1762765447631935200,6162.2559353027345,2025
1762765450207453700,6164.831453613281,2025
1762765452780460800,6167.404460693359,2025
1762765455355350000,6169.979350097657,2025
1762765457928350000,6172.552349853516,2036
1762765460501982700,6175.125982666015,2039
1762765463075024100,6177.699024169922,2045
1762765465648092000,6180.272091796875,2049
1762765468221799400,6182.845799316407,2053
1762765470794875100,6185.4188752441405,2057
1762765473367940400,6187.991940429688,2062
1762765475940990000,6190.564989990235,2066
1762765478514021400,6193.138021484375,2070
1762765481087032800,6195.711032714844,2074
1762765483660036600,6198.284036621094,2078
1762765486233035000,6200.857034912109,2081
1762765488806038000,6203.430038085938,2081
1762765491379040300,6206.0030402832035,2081
1762765493952038400,6208.5760383300785,2081
1762765496525026000,6211.1490261230465,2081
1762765499098001400,6213.722001464844,2081
1762765501670963700,6216.294963623047,2081
1762765504243914500,6218.867914550781,2081
1762765506816852000,6221.440852050781,2097
1762765509389778200,6224.013778076172,2101
1762765511962692400,6226.5866923828125,2103
1762765514535596800,6229.159596679688,2107
1762765517108491500,6231.732491455078,2109
1762765519681375000,6234.305375,2113
1762765522254247200,6236.878247070313,2115
1762765524827108900,6239.451108886718,2119
1762765527399957200,6242.023957275391,2119
1762765529972823000,6244.596822998047,2119
1762765532545751600,6247.169751464844,2119
1762765535118748200,6249.742748046875,2119
1762765537691810600,6252.315810546875,2119
1762765558277667300,6272.901667236328,2119
1762765560851091000,6275.475091064453,2130
1762765563424545800,6278.048545898438,2134
1762765565998016000,6280.6220161132815,2134
1762765568571499300,6283.195499267578,2138
1762765571144976600,6285.7689765625,2142
1762765573718431500,6288.342431396484,2146
1762765576291854600,6290.9158544921875,2150
1762765578865245700,6293.489245605469,2154
1762765581438616600,6296.062616455079,2159
1762765584011966700,6298.635966796875,2163
1762765586585297000,6301.209296875,2167
1762765589158604000,6303.782604003906,2171
1762765591733145300,6306.357145263672,2175
1762765594306410200,6308.93041015625,2175
1762765596879676000,6311.503676025391,2177
1762765599452946200,6314.076946289062,2177
1762765602026218000,6316.6502180175785,2177
1762765604599495400,6319.223495361328,2177
1762765607172782600,6321.796782470703,2177
1762765609746703600,6324.370703613281,2177
1762765890225762800,6604.849762695312,2177
1762765892799122700,6607.423122802735,2189
1762765895372478000,6609.996478027344,2194
1762765897945815000,6612.569814941407,2198
1762765900519130600,6615.143130615234,2203
1762765903092418300,6617.716418212891,2208
1762765905665679600,6620.2896796875,2213
1762765908238915600,6622.862915527344,2217
1762765910812123400,6625.436123291016,2220
1762765913385307000,6628.0093068847655,2224
1762765915958470400,6630.582470458984,2228
1762765918531612400,6633.155612304688,2233
1762765921104735000,6635.728734863281,2238
1762765923677842000,6638.301842041015,2244
1762765926250932200,6640.874932128906,2248
1762765928824008000,6643.448008056641,2253
1762765931397075200,6646.021075195313,2258
1762765933970132700,6648.5941328125,2263
1762765936545693700,6651.169693603516,2267
1762765939118756900,6653.742756835937,2272
1762765941691852500,6656.315852539063,2276
1762765944264967400,6658.888967529297,2281
1762765946838080000,6661.462080078125,2286
1762765949411182800,6664.035182861328,2290
1762765951984275500,6666.608275390625,2295
1762765954557353700,6669.181353759765,2300
1762765957130420700,6671.754420654297,2305
1762765959703473200,6674.327473144531,2309
1762765962276509000,6676.900509033203,2314
1762765964849531600,6679.473531738281,2318
1762765967422539000,6682.0465390625,2323
1762765969995538200,6684.619538085937,2327
1762765972568529700,6687.192529785157,2332
1762765975141513700,6689.765513671875,2336
1762765977714494200,6692.338494140625,2341
1762765980287470600,6694.911470703125,2346
1762765982860439800,6697.484439697266,2350
1762765985433407700,6700.057407714844,2354
1762765988006370800,6702.63037084961,2358
1762765990579331600,6705.203331542969,2362
1762765993152289800,6707.7762897949215,2367
1762765995725245700,6710.349245605469,2371
1762765998298199000,6712.922198974609,2375
1762766000871147300,6715.495147216797,2380
1762766003444090400,6718.068090332031,2385
1762766006017031700,6720.6410317382815,2390
1762766008589975000,6723.213975097657,2395
1762766011162919200,6725.786919189453,2400
1762766013735862800,6728.359862792969,2405
1762766016308808400,6730.932808349609,2410
1762766018883011300,6733.507011230468,2411
1762766021455968000,6736.079968017578,2416
1762766024028934400,6738.652934326172,2421
1762766026601900500,6741.225900634766,2425
1762766029174868500,6743.798868408203,2430
1762766031747835600,6746.37183569336,2435
1762766034320804600,6748.9448046875,2439
1762766036893772500,6751.5177724609375,2444
1762766039466745300,6754.090745361328,2449
1762766042039717000,6756.663717041016,2454
1762766044612690200,6759.236690185547,2458
1762766047185664000,6761.8096640625,2463
1762766049758637300,6764.382637207032,2467
1762766052331610600,6766.955610595704,2472
1762766054904580000,6769.528580078125,2477
1762766057477549300,6772.101549316406,2481
1762766060050519300,6774.674519287109,2486
1762766062623489800,6777.247489746093,2491
1762766065196461300,6779.820461425781,2495
1762766067769433000,6782.393433105469,2500
1762766070342402600,6784.966402587891,2504
1762766072915368400,6787.539368408203,2505
1762766075488330200,6790.112330322266,2509
1762766078061288700,6792.685288818359,2514
1762766080634241000,6795.258240966797,2519
1762766083207189500,6797.831189453125,2523
1762766085780136400,6800.404136474609,2528
1762766088353079800,6802.977079833984,2532
1762766090926026000,6805.550025878906,2537
1762766093498974200,6808.122974121094,2542
1762766096071926500,6810.695926513672,2546
1762766098644888800,6813.268888916015,2551
1762766101218489000,6815.842489013672,2555
1762766103792093700,6818.41609375,2558
1762766106367594200,6820.991594238281,2562
1762766108940598000,6823.56459790039,2566
1762766111513619200,6826.137619140625,2570
1762766114086645800,6828.710645751953,2575
1762766116659677400,6831.283677490234,2580
1762766119232708900,6833.856708984375,2584
1762766121805740800,6836.429740722656,2589
1762766124378772200,6839.002772216797,2594
1762766126951803400,6841.575803466797,2595
1762766129524832300,6844.14883227539,2595
1762766132097858600,6846.721858642578,2595
1762766134670880800,6849.294880859375,2595
1762766137243900000,6851.867899902344,2595
1762766139816915000,6854.440915039063,2595
1762766183557289200,6898.181289306641,2595
1762766186130230500,6900.75423046875,2606
1762766188703176000,6903.327176025391,2610
1762766191276126200,6905.900126220703,2615
1762766193849079000,6908.473079101563,2619
1762766196422035500,6911.046035400391,2624
1762766198994995200,6913.618995117187,2628
1762766201567957800,6916.191957763672,2633
1762766204140922600,6918.764922607422,2638
1762766206713885000,6921.337885009766,2642
1762766209286845700,6923.910845703125,2647
1762766211859806500,6926.483806396484,2652
1762766214432765400,6929.056765380859,2656
1762766217005732600,6931.629732666016,2661
1762766219578711800,6934.202711914062,2665
1762766222152326700,6936.776326660156,2668
1762766224725319400,6939.349319335937,2669
1762766227298315500,6941.922315429688,2669
1762766229871317500,6944.495317382813,2669
1762766232444320800,6947.068320800781,2680
1762766235018578400,6949.64257836914,2686
1762766237591576000,6952.215576171875,2691
1762766240164571600,6954.788571533203,2695
1762766242737556500,6957.361556396484,2700
1762766245310530600,6959.934530517578,2705
1762766247883494000,6962.507493896484,2709
1762766250456446700,6965.080446777344,2714
1762766253029388500,6967.653388427734,2719
1762766255602319400,6970.226319335938,2723
1762766258175239700,6972.799239746094,2728
1762766260748151800,6975.3721518554685,2732
1762766263321054500,6977.945054443359,2737
1762766265893949400,6980.517949462891,2741
1762766268466830800,6983.090830810547,2747
1762766271039704300,6985.663704345703,2752
1762766273612567600,6988.236567626953,2757
1762766276185422300,6990.809422363282,2761
1762766278758274000,6993.382274169922,2766
1762766281331125500,6995.955125488281,2771
1762766283903972400,6998.527972412109,2775
1762766286476817200,7001.100817138672,2780
1762766289049658400,7003.673658447266,2785
1762766291622494700,7006.2464946289065,2789
1762766294195326700,7008.819326660157,2794
1762766296768153000,7011.392153076172,2799
1762766299340973600,7013.964973632813,2803
1762766301913787400,7016.537787353515,2808
1762766304486595600,7019.110595703125,2813
1762766307059401500,7021.683401367188,2818
1762766309632201700,7024.256201660156,2823
1762766312204996000,7026.82899609375,2827
1762766314779045000,7029.4030451660155,2831
1762766317351838500,7031.975838378907,2832
1762766319924641000,7034.5486411132815,2836
1762766322497455600,7037.121455566406,2841
1762766325074051800,7039.698051757812,2846
1762766327646887000,7042.2708869628905,2851
1762766330219730000,7044.843729980469,2855
1762766332792575200,7047.416575195312,2860
1762766335365418500,7049.989418457031,2864
1762766337938257400,7052.562257324219,2869
1762766340512348200,7055.136348144531,2874
1762766343085179000,7057.709178955078,2874
1762766345658020000,7060.282020019531,2879
1762766348230871600,7062.854871582032,2884
1762766350803735800,7065.427735839844,2888
1762766353380378600,7068.004378662109,2893
1762766355953262000,7070.577261962891,2898
1762766358526148900,7073.150148925782,2902
1762766361099035100,7075.72303515625,2906
1762766363671917600,7078.295917480469,2910
1762766366244793900,7080.868793945312,2914
1762766368817661200,7083.441661132812,2918
1762766371390518300,7086.014518310547,2923
1762766373963364600,7088.587364501953,2927
1762766376536200700,7091.160200683594,2932
1762766379109030700,7093.7330307617185,2936
1762766381681851400,7096.30585131836,2941
1762766384254660900,7098.878660888672,2945
1762766386827461600,7101.451461669922,2950
1762766389400251400,7104.0242514648435,2954
1762766391973031700,7106.597031738282,2959
1762766394545802200,7109.169802246094,2964
1762766397118564600,7111.742564697266,2969
1762766399691321600,7114.315321533203,2972
1762766402265961500,7116.889961425782,2977
1762766404838716000,7119.462715820313,2977
1762766407411478300,7122.035478271484,2981
1762766409988020000,7124.612020019531,2986
1762766412560804900,7127.18480493164,2991
1762766415133592800,7129.757592773438,2996
1762766417706381300,7132.330381347656,3000
1762766420279164700,7134.903164550781,3005
1762766422851939600,7137.475939697266,3010
1762766425424708900,7140.048708984375,3014
1762766427997467100,7142.621467041015,3018
1762766430570218500,7145.19421850586,3024
1762766433142959600,7147.766959716797,3028
1762766435715697400,7150.339697509766,3033
1762766438288434400,7152.912434326172,3038
1762766440861172200,7155.485172119141,3042
1762766443433908500,7158.057908447266,3048
1762766446006640400,7160.630640380859,3052
1762766448579370500,7163.203370605469,3057
1762766451152094700,7165.776094726562,3062
1762766453724813800,7168.348813720703,3066
1762766456297526500,7170.921526611328,3071
1762766458870235100,7173.494235107421,3076
1762766461442941700,7176.066941650391,3081
1762766464015647000,7178.639646972656,3086
1762766466588353500,7181.212353515625,3090
1762766469162315000,7183.786314941406,3095
1762766471735027000,7186.359026855469,3099
1762766474307750400,7188.931750488281,3105
1762766476881737700,7191.505737792969,3109
1762766479454481700,7194.078481689453,3114
1762766482027243300,7196.651243164062,3119
1762766484600011800,7199.22401171875,3123
1762766487172786400,7201.796786376953,3128
1762766489745565400,7204.369565429687,3133
1762766492318349300,7206.942349365235,3138
1762766494891137500,7209.5151374511715,3142
1762766497463930600,7212.087930664063,3147
1762766500036727800,7214.660727783203,3152
1762766502609526800,7217.233526855469,3157
1762766505182328300,7219.806328369141,3162
1762766507755131600,7222.379131591797,3167
1762766510327936800,7224.951936767578,3171
1762766512900746000,7227.52474609375,3176
1762766515473556700,7230.097556640625,3181
1762766518046369500,7232.670369628906,3185
1762766520619185400,7235.243185302735,3189
1762766523192001000,7237.816000976563,3194
1762766525764818700,7240.388818603516,3198
1762766528342036700,7242.966036621094,3199
1762766530914857200,7245.538857177735,3199
1762766533488305700,7248.112305664063,3199
1762766536061124400,7250.685124267578,3199
1762766538633948400,7253.257948486328,3211
1762766541206777600,7255.83077758789,3216
1762766543779609900,7258.403609863281,3220
1762766546352442600,7260.976442626953,3225
1762766548925272300,7263.549272216796,3230
1762766551498102000,7266.122102050781,3234
1762766554070931000,7268.694930908203,3239
1762766556643760400,7271.267760498047,3242
1762766559216587800,7273.840587890625,3247
1762766561789412900,7276.413412841797,3252
1762766564362235400,7278.986235351563,3256
1762766566935054300,7281.559054443359,3261
1762766569507870700,7284.131870605469,3265
1762766572081315600,7286.705315673828,3266
1762766574654756600,7289.278756591797,3269
1762766577227576800,7291.851576904297,3275
1762766579800407800,7294.424407714844,3280
1762766582373246200,7296.99724609375,3285
1762766584946087400,7299.570087402344,3290
1762766587518930700,7302.142930664062,3295
1762766590091777300,7304.71577734375,3300
1762766592664625700,7307.288625732422,3304
1762766595237476400,7309.86147631836,3309
1762766597810328000,7312.434328125,3314
1762766600383180000,7315.007179931641,3318
1762766602956031700,7317.580031738281,3323
1762766605528885200,7320.152885253906,3328
1762766608101738200,7322.72573828125,3331
1762766610674592000,7325.298592041016,3337
1762766613249959000,7327.873958984375,3342
1762766615822814000,7330.446813964843,3346
1762766618395672800,7333.019672851562,3351
1762766620968533000,7335.592532958984,3356
1762766623541393400,7338.165393310547,3360
1762766626114253600,7340.738253662109,3365
1762766628688371700,7343.312371826172,3370
1762766631261230600,7345.885230712891,3374
1762766633834090200,7348.458090332031,3379
1762766636406944800,7351.030944824219,3384
1762766638979796000,7353.603795898437,3388
1762766641552643800,7356.176643798828,3393
1762766644125490200,7358.749490234375,3398
1762766646698337500,7361.322337646485,3402
1762766649271183600,7363.89518359375,3407
1762766651844028200,7366.468028076172,3411
1762766654416872000,7369.0408718261715,3416
1762766656989712000,7371.613711914062,3420
1762766659562548500,7374.186548583984,3425
1762766662135378400,7376.759378417969,3430
1762766664708205300,7379.3322053222655,3434
1762766667281026300,7381.905026367188,3439
1762766669853843700,7384.47784375,3443
1762766672426658000,7387.050657958985,3448
1762766674999467800,7389.623467773437,3452
1762766677572276700,7392.196276855469,3457
1762766680145084000,7394.769083984375,3462
1762766682717888000,7397.341887939453,3466
1762766685290689500,7399.914689453125,3471
1762766687863486700,7402.487486816406,3475
1762766690436284200,7405.060284179687,3480
1762766693009079000,7407.633079101563,3484
1762766695581875200,7410.205875244141,3489
1762766698154673200,7412.778673095703,3494
1762766700727474200,7415.351474121094,3498
1762766703300276700,7417.924276855469,3503
1762766705873081600,7420.497081542969,3507
1762766708445890800,7423.06989086914,3512
1762766711019961300,7425.643961425781,3516
1762766713592779800,7428.216779785156,3521
1762766716165613600,7430.78961352539,3525
1762766718738458000,7433.362458007812,3530
1762766721311305500,7435.935305419922,3534
1762766723884155000,7438.508154785156,3538
1762766726457002500,7441.081002441406,3543
1762766729029847600,7443.65384765625,3547
1762766731602691600,7446.22669165039,3551
1762766734175531800,7448.799531738281,3555
1762766736748372500,7451.372372558594,3557
1762766739321209600,7453.945209716797,3561
1762766741894049000,7456.518049072266,3564
1762766744466885000,7459.090885009766,3566
1762766747039720400,7461.663720458984,3566
1762766749612559400,7464.236559326172,3569
1762766752185399300,7466.809399414063,3572
1762766754758243000,7469.382243164063,3575
1762766757331087400,7471.955087402343,3578
1762766759903932000,7474.527931884766,3580
1762766762476777000,7477.100776855469,3585
1762766765049620500,7479.673620361328,3589
1762766767622463700,7482.246463623047,3593
1762766770195307300,7484.819307373047,3597
1762766772768152300,7487.39215234375,3600
1762766775340998400,7489.964998291016,3601
1762766777913842700,7492.537842773438,3604
1762766780486681000,7495.110681152344,3606
1762766783059517400,7497.683517333984,3606
1762766785632352000,7500.256352050781,3606
1762766788205185500,7502.829185546875,3606
1762766790778017500,7505.402017578125,3606
1762766793350847000,7507.974846923828,3606
1762766795923674600,7510.547674560547,3606
1762766798496506000,7513.120506103515,3606
1762766801069337600,7515.693337646484,3606
1762766803642166000,7518.266166015625,3606
1762766806214985700,7520.838985839844,3606
1762766808787800800,7523.41180078125,3606
1762766811360604700,7525.984604736328,3606
1762766813935293400,7528.559293457031,3606
1762766816508112400,7531.132112304687,3606
1762777067123638000,17781.747637939454,3606
1762777069695916500,17784.319916503908,3615
1762777072268195600,17786.89219555664,3620
1762777074840477000,17789.46447680664,3624
1762777077412770800,17792.036770751954,3630
1762777079985076700,17794.609076660156,3633
1762777082557391600,17797.181391601564,3638
1762777085129706500,17799.753706542968,3644
1762777087702017300,17802.326017333984,3649
1762777090274323500,17804.89832348633,3651
1762777092846627000,17807.470626953123,3656
1762777095418932000,17810.042931884767,3661
1762777097991239200,17812.61523925781,3667
1762777100563552300,17815.187552246094,3672
1762777103135866600,17817.75986669922,3677
1762777105708181000,17820.332180908204,3683
1762777108280489200,17822.904489257813,3687
1762777110852795400,17825.476795410155,3692
1762777113425099500,17828.049099609376,3698
1762777115997400000,17830.621400146483,3702
1762777118569703200,17833.193703125,3708
1762777121142009900,17835.766009765626,3712
1762777123714315500,17838.338315429686,3717
1762777126286623000,17840.910623046875,3722
1762777128858932200,17843.482932128907,3727
1762777131431244300,17846.055244384766,3732
1762777134003561000,17848.627561035155,3736
1762777136575883300,17851.199883300782,3741
1762777139148208600,17853.772208740233,3746
1762777141720537600,17856.344537597655,3750
1762777144292870400,17858.91687036133,3755
1762777146865207600,17861.48920751953,3760
1762777149437547300,17864.061547363282,3765
1762777152009892000,17866.633892089845,3770
1762777154582239700,17869.206239746094,3775
1762777157154587400,17871.778587402343,3780
1762777159726937300,17874.35093725586,3785
1762777162299289300,17876.92328930664,3790
1762777164871642400,17879.495642333983,3794
1762777167443997400,17882.067997558595,3799
1762777170016353000,17884.640353027346,3804
1762777172588711200,17887.21271118164,3809
1762777175161071900,17889.785071777344,3814
1762777177733436700,17892.35743676758,3819
1762777180305803300,17894.929803222658,3824
1762777182878171000,17897.50217089844,3828
1762777185450540500,17900.074540527345,3833
1762777188022909700,17902.64690966797,3838
1762777190595281200,17905.21928125,3843
1762777193167655000,17907.791655029298,3847
1762777195740031700,17910.36403173828,3852
1762777198312408000,17912.936407958983,3857
1762777200884785200,17915.50878515625,3862
1762777203457163800,17918.08116381836,3867
1762777206029541400,17920.653541259766,3872
1762777208601919700,17923.225919677734,3877
1762777211174297300,17925.798297363282,3882
1762777213746674200,17928.370674072266,3886
1762777216319049700,17930.943049804686,3890
1762777218891432000,17933.515431884767,3892
1762777221463829000,17936.08782910156,3892
1762777224036242000,17938.66024194336,3892
1762777226609299700,17941.233299804688,3900
1762777229181748500,17943.805748535156,3905
1762777231754228500,17946.378228515627,3908
1762777234326764500,17948.950764648438,3914
1762777236899334000,17951.523333984376,3919
1762777239471917000,17954.095916992188,3924
1762777242044509400,17956.668509521485,3928
1762777244617103600,17959.241103515626,3933
1762777247189695200,17961.8136953125,3937
1762777249762280200,17964.386280273437,3942
1762777252334855200,17966.95885522461,3947
1762777254907422200,17969.53142211914,3952
1762777257479980800,17972.10398071289,3957
1762777260052530400,17974.67653051758,3962
1762777262625070600,17977.24907055664,3966
1762777265197601000,17979.821601074218,3971
1762777267770123500,17982.394123535156,3976
1762777270342638600,17984.966638671875,3980
1762777272915142400,17987.539142333986,3985
1762777275487638000,17990.11163793945,3990
1762777278060123000,17992.684122802733,3995
1762777280632600800,17995.25660083008,3999
1762777283205069600,17997.82906958008,4004
1762777285777534000,18000.401533935546,4009
1762777288349996000,18002.97399609375,4014
1762777290922457600,18005.546457519533,4019
1762777293494916000,18008.118916015625,4023
1762777296067373000,18010.691373046873,4028
1762777298639829200,18013.263829345702,4033
1762777301212284700,18015.83628466797,4038
1762777303784738000,18018.40873803711,4042
1762777306357192000,18020.98119189453,4048
1762777308929645600,18023.55364550781,4052
1762777311502098200,18026.12609814453,4058
1762777314074548700,18028.698548828124,4061
1762777316647000300,18031.27100024414,4067
1762777319219450000,18033.843450195312,4072
1762777321791899000,18036.41589892578,4077
1762777324364346000,18038.988346191407,4082
1762777326936792800,18041.56079272461,4086
1762777329509238800,18044.133238769533,4090
1762777332081684200,18046.70568432617,4095
1762777334654125600,18049.278125488283,4100
1762777337226564000,18051.850564208984,4105
1762777339798998800,18054.422998779297,4110
1762777342371432200,18056.995432128908,4115
1762777344943862000,18059.567862060547,4120
1762777347516293000,18062.14029321289,4124
1762777350088724000,18064.712723876954,4130
1762777352661156900,18067.285156982423,4134
1762777355233590300,18069.85759033203,4139
1762777357806025700,18072.430025634767,4144
1762777360378459100,18075.002459228515,4149
1762777362950892000,18077.574892089844,4154
1762777365523321000,18080.14732104492,4158
1762777368095747000,18082.71974707031,4163
1762777370668169700,18085.292169677738,4168
1762777373240589000,18087.864589111326,4172
1762777375813008600,18090.437008544923,4177
1762777378385429500,18093.00942944336,4182
1762777380957852700,18095.5818527832,4188
1762777383530280200,18098.154280273437,4193
1762777386102713000,18100.726713134765,4197
1762777388675149000,18103.29914916992,4202
1762777391247588000,18105.871588134767,4207
1762777393820026000,18108.44402612305,4211
1762777396392463000,18111.016463134765,4216
1762777398964897500,18113.588897460937,4221
1762777401537331700,18116.16133178711,4226
1762777404109763600,18118.733763671877,4231
1762777406682194700,18121.306194580076,4235
1762777409257139700,18123.88113964844,4240
1762777411829583400,18126.45358325195,4241
1762777414402045400,18129.026045410155,4246
1762777416974548200,18131.598548339844,4250
1762777419547100200,18134.171100097657,4255
1762777422119700500,18136.743700439452,4259
1762777424692349000,18139.316348876953,4263
1762777427265047000,18141.88904711914,4268
1762777429839049700,18144.463049804686,4271
1762777432411841300,18147.035841308592,4276
1762777434984669400,18149.608669433594,4281
1762777437557509400,18152.181509277343,4285
1762777440130348300,18154.754348388673,4290
1762777442703175400,18157.32717553711,4295
1762777445275988200,18159.89998828125,4300
1762777447848787000,18162.472786865234,4304
1762777450421570300,18165.0455703125,4308
1762777452994337000,18167.618336914064,4313
1762777455567089400,18170.19108935547,4317
1762777458139825200,18172.76382519531,4323
1762777460712548000,18175.336548095704,4328
1762777463285260500,18177.909260498047,4332
1762777465857962000,18180.48196191406,4338
1762777468430654500,18183.054654541014,4342
1762777471003338800,18185.627338867187,4347
1762777473576013600,18188.20001367187,4351
1762777476148682500,18190.77268261719,4356
1762777478721346600,18193.34534667969,4362
1762777481294005800,18195.918005859377,4367
1762777483866660400,18198.49066040039,4372
1762777486439308300,18201.06330834961,4377
1762777489011948000,18203.63594799805,4382
1762777491584580400,18206.208580322265,4387
1762777494157205000,18208.781205078125,4392
1762777496729822200,18211.353822265624,4397
1762777499302433800,18213.92643383789,4402
1762777501875043800,18216.49904394531,4408
1762777504447654700,18219.071654541018,4412
1762777507020267000,18221.644267089843,4417
1762777509592880000,18224.21688012695,4422
1762777512165495300,18226.78949536133,4427
1762777514738109700,18229.362109619145,4432
1762777517310724600,18231.934724609375,4437
1762777519883338800,18234.507338867188,4442
1762777522455954400,18237.079954345703,4446
1762777525028569600,18239.652569580077,4448
1762777527601191700,18242.225191650392,4452
1762777530173837600,18244.797837646485,4457
1762777532746519300,18247.37051928711,4460
1762777535319227400,18249.943227294923,4465
1762777537891953000,18252.515952880854,4470
1762777540465950500,18255.089950439455,4474
1762777543038726700,18257.6627265625,4479
1762777545611529500,18260.235529541016,4484
1762777548184342500,18262.808342529297,4489
1762777550757156900,18265.38115698242,4494
1762777553329962800,18267.953962646483,4499
1762777555902752800,18270.526752685542,4504
1762777558475529200,18273.099529296876,4508
1762777561048287000,18275.672286865236,4512
1762777563621030100,18278.2450300293,4517
1762777566193758500,18280.817758544923,4522
1762777568766472400,18283.39047241211,4527
1762777571339171800,18285.963171875,4532
1762777573911860000,18288.53585986328,4536
1762777576484538000,18291.108538085937,4541
1762777579057209000,18293.681208984373,4546
1762777581632404200,18296.256404296873,4552
1762777584205110000,18298.82911010742,4557
1762777586777838000,18301.401838134767,4561
1762777589350570800,18303.97457080078,4567
1762777591923297300,18306.54729736328,4571
1762777594496014600,18309.120014648437,4576
1762777597068718000,18311.692718017577,4581
1762777599641409000,18314.265408935546,4586
1762777602214090000,18316.83809008789,4591
1762777604786769700,18319.41076977539,4596
1762777607359463700,18321.983463623048,4601
1762777609932177700,18324.556177734376,4605
1762777612504908000,18327.128907958984,4610
1762777615078272800,18329.70227270508,4615
1762777617651012600,18332.27501269531,4619
1762777620223752000,18334.84775195313,4623
1762777622796500500,18337.42050048828,4627
1762777625369268200,18339.993268310547,4631
1762777627942059000,18342.56605908203,4635
1762777630514883000,18345.13888305664,4640
1762777633087736000,18347.711736083984,4645
1762777635661862000,18350.285861816406,4650
1762777638234765600,18352.858765625,4654
1762777640807690500,18355.431690429687,4659
1762777643380614700,18358.004614746093,4664
1762777645953525500,18360.577525390625,4668
1762777648526412000,18363.150412109375,4673
1762777651099274200,18365.723274169923,4678
1762777653672110300,18368.296110351563,4682
1762777656244920800,18370.868920898436,4686
1762777658817707500,18373.44170751953,4690
1762777661390471200,18376.014471191407,4695
1762777663963214300,18378.58721435547,4700
1762777666535937800,18381.15993774414,4704
1762777669108644400,18383.73264428711,4709
1762777671681330700,18386.305330566407,4714
1762777674254002000,18388.87800195313,4719
1762777676826658000,18391.450657958983,4724
1762777679399304400,18394.02330444336,4728
1762777681971940000,18396.595940185547,4733
1762777684544565800,18399.168565673823,4738
1762777687117183000,18401.74118286133,4742
1762777689689791700,18404.313791748045,4747
1762777692262394400,18406.88639428711,4752
1762777694834990600,18409.458990478517,4756
1762777697407580000,18412.031579833983,4761
1762777699980165400,18414.604165283203,4766
1762777702552745000,18417.17674487305,4770
1762777705125322000,18419.74932202149,4775
1762777707697895700,18422.321895751953,4780
1762777710270465000,18424.89446508789,4785
1762777712843031300,18427.46703125,4790
1762777715415594500,18430.039594482423,4794
1762777717988157200,18432.61215722656,4797
1762777720560729900,18435.184729736327,4802
1762777723133322500,18437.75732250977,4805
1762777725705932500,18440.329932617187,4813
1762777728282348300,18442.90634838867,4816
1762777730855017700,18445.479017822265,4821
1762777733427696000,18448.05169604492,4824
1762777736000376600,18450.62437646484,4828
1762777738573054000,18453.19705395508,4832
1762777741145724700,18455.769724609378,4836
1762777743718388000,18458.342387939458,4836
1762777746291043000,18460.91504296875,4836
1762777748863691300,18463.48769116211,4836
1762777751436330200,18466.060330322267,4836
1762777754009591600,18468.633591552734,4836
1762777756582254300,18471.206254394532,4836
1762777759154996500,18473.77899658203,4836
1762777761727814700,18476.351814697267,4836
1762777764300663000,18478.924663085934,4836
1762777766873568800,18481.497568847655,4836
1762777769446533000,18484.070533203125,4836
1762781062762169000,21777.386169189453,4836
1762781065335108000,21779.959108154297,4844
1762781067908038400,21782.53203833008,4849
1762781070480954400,21785.104954345705,4853
1762781073053858800,21787.67785888672,4858
1762781075626755600,21790.25075561523,4862
1762781078199643600,21792.82364355469,4867
1762781080772522500,21795.39652246094,4871
1762781083345394200,21797.96939428711,4876
1762781085918257400,21800.542257324218,4880
1762781088491117000,21803.11511694336,4885
1762781091063995000,21805.68799487305,4890
1762781093636893200,21808.260893066406,4894
1762781096209800700,21810.83380078125,4899
1762781098782715400,21813.406715332032,4904
1762781101355632000,21815.97963208008,4908
1762781103928548400,21818.552548339845,4913
1762781106501460200,21821.12546020508,4918
1762781109074366200,21823.698366210934,4923
1762781111647263500,21826.271263427738,4928
1762781114220148000,21828.844147949218,4932
1762781116793022200,21831.417022216796,4937
1762781119365883600,21833.98988354492,4942
1762781121938736000,21836.562736083983,4946
1762781124511579400,21839.135579345704,4951
1762781127084413000,21841.708412841796,4956
1762781129657241000,21844.281240966797,4961
1762781132230062800,21846.85406274414,4966
1762781134802880300,21849.426880371095,4971
1762781137375692000,21851.99969213867,4976
1762781139948497700,21854.57249755859,4980
1762781142521297000,21857.145296875,4985
1762781145094091500,21859.718091552735,4990
1762781147666876700,21862.290876708983,4995
1762781150239659000,21864.86365893555,5000
1762781152812436200,21867.4364362793,5004
1762781155385211100,21870.00921118164,5009
1762781157957985000,21872.581985107423,5014
1762781160530757400,21875.15475732422,5019
1762781163103527700,21877.72752758789,5024
1762781165676292900,21880.30029296875,5028
1762781168249056300,21882.873056152344,5033
1762781170821815600,21885.44581567383,5037
1762781173394570800,21888.01857080078,5042
1762781175967323400,21890.59132348633,5046
1762781178540072000,21893.164072021485,5050
1762781181112819200,21895.7368190918,5055
1762781183685564200,21898.309564208983,5060
1762781186258308900,21900.882308837892,5064
1762781188831053300,21903.455053222657,5068
1762781191403795500,21906.027795410155,5072
1762781193976534800,21908.60053466797,5075
1762781196549273000,21911.17327319336,5081
1762781199122009300,21913.746009277344,5086
1762781201694744600,21916.318744628905,5092
1762781204267479600,21918.891479492188,5097
1762781206840216600,21921.464216552733,5102
1762781209412954400,21924.0369543457,5106
1762781211985698800,21926.60969873047,5111
1762781214558446600,21929.182446533203,5116
1762781217131199000,21931.75519897461,5121
1762781219703953200,21934.327953125,5126
1762781222276707300,21936.900707275392,5131
1762781224849460200,21939.47346020508,5136
1762781227422210800,21942.0462109375,5141
1762781229994958800,21944.618958740233,5146
1762781232567705900,21947.191705810543,5150
1762781235140451800,21949.764451904295,5156
1762781237713197300,21952.337197265624,5160
1762781240285942000,21954.90994189453,5165
1762781242858685000,21957.482684814455,5170
1762781245431425300,21960.05542529297,5175
1762781248004164400,21962.62816430664,5180
1762781250576905500,21965.200905517577,5183
1762781253149655300,21967.77365527344,5188
1762781255722430000,21970.34642993164,5192
1762781258295236000,21972.919236083984,5196
1762781260868075000,21975.492074951173,5201
1762781263440963300,21978.064963378907,5206
1762781266013890300,21980.637890380855,5211
1762781268588094200,21983.212094238283,5216
1762781271161047800,21985.78504785156,5221
1762781273733997600,21988.357997558593,5226
1762781276306940400,21990.930940429687,5231
1762781278879875600,21993.50387548828,5236
1762781281452798700,21996.07679882813,5241
1762781284025712000,21998.649712158203,5246
1762781286598612700,22001.222612792968,5251
1762781289171502800,22003.795502929686,5256
1762781291744383200,22006.36838330078,5261
1762781294317254700,22008.94125463867,5266
1762781296890115800,22011.514115722657,5270
1762781299462966000,22014.086966064453,5275
1762781302035805000,22016.65980493164,5280
1762781304608637000,22019.23263696289,5285
1762781307181463800,22021.80546386719,5290
1762781309754297300,22024.37829736328,5295
1762781312327137300,22026.95113720703,5300
1762781314899982000,22029.523982177736,5305
1762781317472825000,22032.096825195313,5310
1762781320045666300,22034.669666259764,5314
1762781322618502100,22037.242502197267,5319
1762781325191329000,22039.81532910156,5324
1762781327764147000,22042.388146972655,5329
1762781330336958000,22044.960958007818,5334
1762781332909760000,22047.533760009766,5339
1762781335482556000,22050.1065559082,5344
1762781338055346400,22052.679346435547,5348
1762781340628140000,22055.25214013672,5350
1762781343200948200,22057.82494824219,5355
1762781345773781500,22060.39778149414,5359
1762781348346635800,22062.97063574219,5362
1762781350919503600,22065.54350366211,5365
1762781353492375800,22068.11637573242,5369
1762781356065250300,22070.68925024414,5373
1762781358638126300,22073.262126220703,5375
1762781361211001900,22075.835001953124,5377
1762781363783883000,22078.40788305664,5381
1762781366356769500,22080.98076953125,5385
1762781368929655000,22083.553655029296,5389
1762781371502536200,22086.12653613281,5393
1762781374075407600,22088.699407714845,5398
1762781376648268800,22091.272268798828,5402
1762781379221123800,22093.845123779294,5407
1762781381793973500,22096.41797338867,5411
1762781384366815500,22098.990815429686,5415
1762781386939655400,22101.563655517577,5416
1762781389512485000,22104.13648510742,5416
1762781397230919400,22111.854919433594,5416
1762781399803712800,22114.427712646484,5416
1762797657812473600,38372.43647363281,5416
1762797660385399800,38375.009399902345,5416
1762797662958318300,38377.582318359375,5416
1762797850789808400,38565.41380834961,5416
1762797853362602200,38567.98660229492,5424
1762797855935395800,38570.55939575195,5428
1762797858508196600,38573.1321965332,5431
1762797861080995800,38575.704995849606,5431
1762797863653792300,38578.27779223633,5431
1762797866226587000,38580.850586914064,5434
1762797868799384000,38583.4233840332,5434
1762797876517786600,38591.14178662109,5434
1762797879090590500,38593.71459057617,5434
1762798478582725600,39193.20672558594,5434
1762798481155473700,39195.779473632814,5442
1762798483728256300,39198.35225634766,5446
1762798486301072400,39200.92507226562,5451
1762798488873907200,39203.49790722656,5455
1762798491449261300,39206.07326123047,5459
1762798494022102500,39208.64610253906,5464
1762798496594942500,39211.21894238281,5470
1762798499167779000,39213.791779052735,5474
1762798501740611800,39216.3646118164,5480
1762798504313444900,39218.937444824216,5486
1762798506886278100,39221.51027807617,5490
1762798509459102200,39224.08310229492,5490
1762798512032542000,39226.65654199219,5490
1762798514605359600,39229.22935961914,5490
1762798517178206000,39231.80220605469,5490
1762798519751069200,39234.375069091795,5490
1762798522323936000,39236.947936035154,5490
1762798524896796200,39239.52079614258,5490
1762798527469646300,39242.09364624023,5506
1762798530042486300,39244.666486328126,5510
1762798532615315500,39247.23931542969,5514
1762798535188134100,39249.8121340332,5518
1762798537760945400,39252.3849453125,5521
1762798540333749800,39254.95774975586,5525
1762798542906550800,39257.53055078125,5529
1762798545479351600,39260.1033515625,5530
1762798548052148200,39262.67614819336,5535
1762798550624944000,39265.2489440918,5537
1762798553197740300,39267.82174023437,5543
1762798555770530600,39270.39453051758,5547
1762798558343316000,39272.967315917966,5552
1762798560916101600,39275.5401015625,5556
1762798563488885800,39278.112885742186,5561
1762798566061672200,39280.68567211914,5564
1762798568634457300,39283.25845727539,5566
1762798571207233300,39285.83123339843,5570
1762798573779998000,39288.40399804687,5572
1762798576352750300,39290.97675024414,5572
1762798578925491700,39293.54949169922,5572
1762798581498224400,39296.12222436524,5572
1762798584070948000,39298.69494799805,5572
1762798586643663400,39301.26766333008,5572
